-- 对应系统版本： java-NormalApp V1.2
-- 当前基础数据说明： 目前基本的权限信息都包含了，含管理员用户: admin/123123

-- 系统信息
INSERT INTO Sys_System(`f_id`, `f_code`, `f_name`, `f_type`, `f_version`, `f_secret`, `f_devorg`, `f_devTime`, `f_enabledFlag`, `f_enableDelete`, `f_remark`, `f_createBy`, `f_createTime`, `f_modifyBy`, `f_modifyTime`) VALUES ('normalApp', 'normalApp', '励图开发框架', 'javaweb', 'V1.0', '123123', '励图高科', '2020-02-26 00:00:00', 1, 0, '当前框架系统', 'admin', '2020-09-23 18:56:58', 'admin', '2020-09-23 18:56:58');

-- 菜单信息
INSERT INTO Sys_Menu(`f_id`, `f_parentId`, `f_layers`, `f_systemCode`, `f_type`, `f_code`, `f_name`, `f_icon`, `f_url`, `f_sortNum`, `f_remark`, `f_createBy`, `f_createTime`, `f_modifyBy`, `f_modifyTime`, `f_field1`, `f_field2`) VALUES ('funcAccessToken', 'moduleSys', '#moduleSys#|#funcAccessToken#', 'normalApp', 2, 'funcAccessToken', '授权管理', 'fa fa-sign-in', 'accessToken/index', 9, '', 'admin', '2020-09-23 18:56:58', 'admin', '2020-09-23 18:56:58', NULL, NULL);
INSERT INTO Sys_Menu(`f_id`, `f_parentId`, `f_layers`, `f_systemCode`, `f_type`, `f_code`, `f_name`, `f_icon`, `f_url`, `f_sortNum`, `f_remark`, `f_createBy`, `f_createTime`, `f_modifyBy`, `f_modifyTime`, `f_field1`, `f_field2`) VALUES ('funcAccessTokenbtnDisable', 'funcAccessToken', '#moduleSys#|#funcAccessToken#|#funcAccessTokenbtnDisable#', 'normalApp', 3, 'btnDisable', '禁用', 'fa fa-sign-in', '', 1, '', 'admin', '2020-09-23 18:56:58', 'admin', '2020-09-23 18:56:58', NULL, NULL);
INSERT INTO Sys_Menu(`f_id`, `f_parentId`, `f_layers`, `f_systemCode`, `f_type`, `f_code`, `f_name`, `f_icon`, `f_url`, `f_sortNum`, `f_remark`, `f_createBy`, `f_createTime`, `f_modifyBy`, `f_modifyTime`, `f_field1`, `f_field2`) VALUES ('funcAccessTokenbtnQuery', 'funcAccessToken', '#moduleSys#|#funcAccessToken#|#funcAccessTokenbtnQuery#', 'normalApp', 3, 'btnQuery', '查询', 'fa fa-search', '', 2, '', 'admin', '2020-09-23 18:56:58', 'admin', '2020-09-23 18:56:58', NULL, NULL);
INSERT INTO Sys_Menu(`f_id`, `f_parentId`, `f_layers`, `f_systemCode`, `f_type`, `f_code`, `f_name`, `f_icon`, `f_url`, `f_sortNum`, `f_remark`, `f_createBy`, `f_createTime`, `f_modifyBy`, `f_modifyTime`, `f_field1`, `f_field2`) VALUES ('funcDictItem', 'moduleSys', '#moduleSys#|#funcDictItem#', 'normalApp', 2, 'funcDictItem', '字典管理', 'fa fa-book', 'dictItem/index', 7, '', 'admin', '2020-09-23 18:56:58', 'admin', '2020-09-23 18:56:58', NULL, NULL);
INSERT INTO Sys_Menu(`f_id`, `f_parentId`, `f_layers`, `f_systemCode`, `f_type`, `f_code`, `f_name`, `f_icon`, `f_url`, `f_sortNum`, `f_remark`, `f_createBy`, `f_createTime`, `f_modifyBy`, `f_modifyTime`, `f_field1`, `f_field2`) VALUES ('funcDictItembtnAdd', 'funcDictItem', '#moduleSys#|#funcDictItem#|#funcDictItembtnAdd', 'normalApp', 3, 'btnAdd', '添加', 'fa fa-plus', '', 1, '', 'admin', '2020-09-23 18:56:58', 'admin', '2020-09-23 18:56:58', NULL, NULL);
INSERT INTO Sys_Menu(`f_id`, `f_parentId`, `f_layers`, `f_systemCode`, `f_type`, `f_code`, `f_name`, `f_icon`, `f_url`, `f_sortNum`, `f_remark`, `f_createBy`, `f_createTime`, `f_modifyBy`, `f_modifyTime`, `f_field1`, `f_field2`) VALUES ('funcDictItembtnAddDict', 'funcDictItem', '#moduleSys#|#funcDictItem#|#funcDictItembtnAddDict', 'normalApp', 3, 'btnAddDict', '字典添加', 'fa fa-plus', '', 5, '', 'admin', '2020-09-23 18:56:58', 'admin', '2020-09-23 18:56:58', NULL, NULL);
INSERT INTO Sys_Menu(`f_id`, `f_parentId`, `f_layers`, `f_systemCode`, `f_type`, `f_code`, `f_name`, `f_icon`, `f_url`, `f_sortNum`, `f_remark`, `f_createBy`, `f_createTime`, `f_modifyBy`, `f_modifyTime`, `f_field1`, `f_field2`) VALUES ('funcDictItembtnDelete', 'funcDictItem', '#moduleSys#|#funcDictItem#|#funcDictItembtnDelete', 'normalApp', 3, 'btnDelete', '删除', 'fa fa-remove', '', 3, '', 'admin', '2020-09-23 18:56:58', 'admin', '2020-09-23 18:56:58', NULL, NULL);
INSERT INTO Sys_Menu(`f_id`, `f_parentId`, `f_layers`, `f_systemCode`, `f_type`, `f_code`, `f_name`, `f_icon`, `f_url`, `f_sortNum`, `f_remark`, `f_createBy`, `f_createTime`, `f_modifyBy`, `f_modifyTime`, `f_field1`, `f_field2`) VALUES ('funcDictItembtnDeleteDict', 'funcDictItem', '#moduleSys#|#funcDictItem#|#funcDictItembtnDeleteDict', 'normalApp', 3, 'btnDeleteDict', '字典删除', 'fa fa-remove', '', 7, '', 'admin', '2020-09-23 18:56:58', 'admin', '2020-09-23 18:56:58', NULL, NULL);
INSERT INTO Sys_Menu(`f_id`, `f_parentId`, `f_layers`, `f_systemCode`, `f_type`, `f_code`, `f_name`, `f_icon`, `f_url`, `f_sortNum`, `f_remark`, `f_createBy`, `f_createTime`, `f_modifyBy`, `f_modifyTime`, `f_field1`, `f_field2`) VALUES ('funcDictItembtndictSet', 'funcDictItem', '#moduleSys#|#funcDictItem#|#funcDictItembtndictSet', 'normalApp', 3, 'dictSet', '字典设置', 'fa fa-book', '', 4, '', 'admin', '2020-09-23 18:56:58', 'admin', '2020-09-23 18:56:58', NULL, NULL);
INSERT INTO Sys_Menu(`f_id`, `f_parentId`, `f_layers`, `f_systemCode`, `f_type`, `f_code`, `f_name`, `f_icon`, `f_url`, `f_sortNum`, `f_remark`, `f_createBy`, `f_createTime`, `f_modifyBy`, `f_modifyTime`, `f_field1`, `f_field2`) VALUES ('funcDictItembtnEdit', 'funcDictItem', '#moduleSys#|#funcDictItem#|#funcDictItembtnEdit', 'normalApp', 3, 'btnEdit', '修改', 'fa fa-pencil', '', 2, '', 'admin', '2020-09-23 18:56:58', 'admin', '2020-09-23 18:56:58', NULL, NULL);
INSERT INTO Sys_Menu(`f_id`, `f_parentId`, `f_layers`, `f_systemCode`, `f_type`, `f_code`, `f_name`, `f_icon`, `f_url`, `f_sortNum`, `f_remark`, `f_createBy`, `f_createTime`, `f_modifyBy`, `f_modifyTime`, `f_field1`, `f_field2`) VALUES ('funcDictItembtnEditDict', 'funcDictItem', '#moduleSys#|#funcDictItem#|#funcDictItembtnEditDict', 'normalApp', 3, 'btnEditDict', '字典修改', 'fa fa-pencil', '', 6, '', 'admin', '2020-09-23 18:56:58', 'admin', '2020-09-23 18:56:58', NULL, NULL);
INSERT INTO Sys_Menu(`f_id`, `f_parentId`, `f_layers`, `f_systemCode`, `f_type`, `f_code`, `f_name`, `f_icon`, `f_url`, `f_sortNum`, `f_remark`, `f_createBy`, `f_createTime`, `f_modifyBy`, `f_modifyTime`, `f_field1`, `f_field2`) VALUES ('funcDictItembtnQuery', 'funcDictItem', '#moduleSys#|#funcDictItem#|#funcDictItembtnQuery', 'normalApp', 3, 'btnQuery', '查询', 'fa fa-search', '', 8, '', 'admin', '2020-09-23 18:56:58', 'admin', '2020-09-23 18:56:58', NULL, NULL);
INSERT INTO Sys_Menu(`f_id`, `f_parentId`, `f_layers`, `f_systemCode`, `f_type`, `f_code`, `f_name`, `f_icon`, `f_url`, `f_sortNum`, `f_remark`, `f_createBy`, `f_createTime`, `f_modifyBy`, `f_modifyTime`, `f_field1`, `f_field2`) VALUES ('funcDictItembtnQueryDict', 'funcDictItem', '#moduleSys#|#funcDictItem#|#funcDictItembtnQueryDict', 'normalApp', 3, 'btnQueryDict', '字典查询', 'fa fa-search', '', 9, '', 'admin', '2020-09-23 18:56:58', 'admin', '2020-09-23 18:56:58', NULL, NULL);
INSERT INTO Sys_Menu(`f_id`, `f_parentId`, `f_layers`, `f_systemCode`, `f_type`, `f_code`, `f_name`, `f_icon`, `f_url`, `f_sortNum`, `f_remark`, `f_createBy`, `f_createTime`, `f_modifyBy`, `f_modifyTime`, `f_field1`, `f_field2`) VALUES ('funcLog', 'moduleSys', '#moduleSys#|#funcLog#', 'normalApp', 2, 'funcLog', '系统日志', 'fa fa-address-book', 'log/index', 6, '', 'admin', '2020-09-23 18:56:58', 'admin', '2020-09-23 18:56:58', NULL, NULL);
INSERT INTO Sys_Menu(`f_id`, `f_parentId`, `f_layers`, `f_systemCode`, `f_type`, `f_code`, `f_name`, `f_icon`, `f_url`, `f_sortNum`, `f_remark`, `f_createBy`, `f_createTime`, `f_modifyBy`, `f_modifyTime`, `f_field1`, `f_field2`) VALUES ('funcLogbtnDelete', 'funcLog', '#moduleSys#|#funcLog#|#funcLogbtnDelete', 'normalApp', 3, 'btnDelete', '删除', 'fa fa-remove', '', 1, '', 'admin', '2020-09-23 18:56:58', 'admin', '2020-09-23 18:56:58', NULL, NULL);
INSERT INTO Sys_Menu(`f_id`, `f_parentId`, `f_layers`, `f_systemCode`, `f_type`, `f_code`, `f_name`, `f_icon`, `f_url`, `f_sortNum`, `f_remark`, `f_createBy`, `f_createTime`, `f_modifyBy`, `f_modifyTime`, `f_field1`, `f_field2`) VALUES ('funcLogbtnLogsClear', 'funcLog', '#moduleSys#|#funcLog#|#funcLogbtnLogsClear', 'normalApp', 3, 'btnLogsClear', '清空日志', 'fa fa-trash-o', '', 2, '', 'admin', '2020-09-23 18:56:58', 'admin', '2020-09-23 18:56:58', NULL, NULL);
INSERT INTO Sys_Menu(`f_id`, `f_parentId`, `f_layers`, `f_systemCode`, `f_type`, `f_code`, `f_name`, `f_icon`, `f_url`, `f_sortNum`, `f_remark`, `f_createBy`, `f_createTime`, `f_modifyBy`, `f_modifyTime`, `f_field1`, `f_field2`) VALUES ('funcLogbtnQuery', 'funcLog', '#moduleSys#|#funcLog#|#funcLogbtnQuery', 'normalApp', 3, 'btnQuery', '查询', 'fa fa-search', '', 3, '', 'admin', '2020-09-23 18:56:58', 'admin', '2020-09-23 18:56:58', NULL, NULL);
INSERT INTO Sys_Menu(`f_id`, `f_parentId`, `f_layers`, `f_systemCode`, `f_type`, `f_code`, `f_name`, `f_icon`, `f_url`, `f_sortNum`, `f_remark`, `f_createBy`, `f_createTime`, `f_modifyBy`, `f_modifyTime`, `f_field1`, `f_field2`) VALUES ('funcMenu', 'moduleSys', '#moduleSys#|#funcMenu#', 'normalApp', 2, 'funcMenu', '菜单管理', 'fa fa-th-large', 'menu/index', 3, '', 'admin', '2020-09-23 18:56:58', 'admin', '2020-09-23 18:56:58', NULL, NULL);
INSERT INTO Sys_Menu(`f_id`, `f_parentId`, `f_layers`, `f_systemCode`, `f_type`, `f_code`, `f_name`, `f_icon`, `f_url`, `f_sortNum`, `f_remark`, `f_createBy`, `f_createTime`, `f_modifyBy`, `f_modifyTime`, `f_field1`, `f_field2`) VALUES ('funcMenubtnAdd', 'funcMenu', '#moduleSys#|#funcMenu#|#funcMenubtnAdd', 'normalApp', 3, 'btnAdd', '添加', 'fa fa-plus', '', 1, '', 'admin', '2020-09-23 18:56:58', 'admin', '2020-09-23 18:56:58', NULL, NULL);
INSERT INTO Sys_Menu(`f_id`, `f_parentId`, `f_layers`, `f_systemCode`, `f_type`, `f_code`, `f_name`, `f_icon`, `f_url`, `f_sortNum`, `f_remark`, `f_createBy`, `f_createTime`, `f_modifyBy`, `f_modifyTime`, `f_field1`, `f_field2`) VALUES ('funcMenubtnAddButton', 'funcMenu', '#moduleSys#|#funcMenu#|#funcMenubtnAddButton', 'normalApp', 3, 'btnAddButton', '添加(按钮管理)', 'fa fa-plus', '', 5, '', 'admin', '2020-09-23 18:56:58', 'admin', '2020-09-23 18:56:58', NULL, NULL);
INSERT INTO Sys_Menu(`f_id`, `f_parentId`, `f_layers`, `f_systemCode`, `f_type`, `f_code`, `f_name`, `f_icon`, `f_url`, `f_sortNum`, `f_remark`, `f_createBy`, `f_createTime`, `f_modifyBy`, `f_modifyTime`, `f_field1`, `f_field2`) VALUES ('funcMenubtnDelete', 'funcMenu', '#moduleSys#|#funcMenu#|#funcMenubtnDelete', 'normalApp', 3, 'btnDelete', '删除', 'fa fa-remove', '', 3, '', 'admin', '2020-09-23 18:56:58', 'admin', '2020-09-23 18:56:58', NULL, NULL);
INSERT INTO Sys_Menu(`f_id`, `f_parentId`, `f_layers`, `f_systemCode`, `f_type`, `f_code`, `f_name`, `f_icon`, `f_url`, `f_sortNum`, `f_remark`, `f_createBy`, `f_createTime`, `f_modifyBy`, `f_modifyTime`, `f_field1`, `f_field2`) VALUES ('funcMenubtnDeleteButton', 'funcMenu', '#moduleSys#|#funcMenu#|#funcMenubtnDeleteButton', 'normalApp', 3, 'btnDeleteButton', '删除(按钮管理)', 'fa fa-remove', '', 7, '', 'admin', '2020-09-23 18:56:58', 'admin', '2020-09-23 18:56:58', NULL, NULL);
INSERT INTO Sys_Menu(`f_id`, `f_parentId`, `f_layers`, `f_systemCode`, `f_type`, `f_code`, `f_name`, `f_icon`, `f_url`, `f_sortNum`, `f_remark`, `f_createBy`, `f_createTime`, `f_modifyBy`, `f_modifyTime`, `f_field1`, `f_field2`) VALUES ('funcMenubtnEdit', 'funcMenu', '#moduleSys#|#funcMenu#|#funcMenubtnEdit', 'normalApp', 3, 'btnEdit', '修改', 'fa fa-pencil', '', 2, '', 'admin', '2020-09-23 18:56:58', 'admin', '2020-09-23 18:56:58', NULL, NULL);
INSERT INTO Sys_Menu(`f_id`, `f_parentId`, `f_layers`, `f_systemCode`, `f_type`, `f_code`, `f_name`, `f_icon`, `f_url`, `f_sortNum`, `f_remark`, `f_createBy`, `f_createTime`, `f_modifyBy`, `f_modifyTime`, `f_field1`, `f_field2`) VALUES ('funcMenubtnEditButton', 'funcMenu', '#moduleSys#|#funcMenu#|#funcMenubtnEditButton', 'normalApp', 3, 'btnEditButton', '修改(按钮管理)', 'fa fa-pencil', '', 6, '', 'admin', '2020-09-23 18:56:58', 'admin', '2020-09-23 18:56:58', NULL, NULL);
INSERT INTO Sys_Menu(`f_id`, `f_parentId`, `f_layers`, `f_systemCode`, `f_type`, `f_code`, `f_name`, `f_icon`, `f_url`, `f_sortNum`, `f_remark`, `f_createBy`, `f_createTime`, `f_modifyBy`, `f_modifyTime`, `f_field1`, `f_field2`) VALUES ('funcMenubtnMenuManage', 'funcMenu', '#moduleSys#|#funcMenu#|#funcMenubtnMenuManage', 'normalApp', 3, 'btnMenuManage', '按钮管理', 'fa fa-cubes', '', 4, '', 'admin', '2020-09-23 18:56:58', 'admin', '2020-09-23 18:56:58', NULL, NULL);
INSERT INTO Sys_Menu(`f_id`, `f_parentId`, `f_layers`, `f_systemCode`, `f_type`, `f_code`, `f_name`, `f_icon`, `f_url`, `f_sortNum`, `f_remark`, `f_createBy`, `f_createTime`, `f_modifyBy`, `f_modifyTime`, `f_field1`, `f_field2`) VALUES ('funcMenubtnQuery', 'funcMenu', '#moduleSys#|#funcMenu#|#funcMenubtnQuery', 'normalApp', 3, 'btnQuery', '查询', 'fa fa-search', '', 8, '', 'admin', '2020-09-23 18:56:58', 'admin', '2020-09-23 18:56:58', NULL, NULL);
INSERT INTO Sys_Menu(`f_id`, `f_parentId`, `f_layers`, `f_systemCode`, `f_type`, `f_code`, `f_name`, `f_icon`, `f_url`, `f_sortNum`, `f_remark`, `f_createBy`, `f_createTime`, `f_modifyBy`, `f_modifyTime`, `f_field1`, `f_field2`) VALUES ('funcOrganize', 'moduleSys', '#moduleSys#|#funcOrganize#', 'normalApp', 2, 'funcOrganize', '组织架构', 'fa fa-sitemap', 'organize/index', 5, '', 'admin', '2020-09-23 18:56:58', 'admin', '2020-09-23 18:56:58', NULL, NULL);
INSERT INTO Sys_Menu(`f_id`, `f_parentId`, `f_layers`, `f_systemCode`, `f_type`, `f_code`, `f_name`, `f_icon`, `f_url`, `f_sortNum`, `f_remark`, `f_createBy`, `f_createTime`, `f_modifyBy`, `f_modifyTime`, `f_field1`, `f_field2`) VALUES ('funcOrganizebtnAdd', 'funcOrganize', '#moduleSys#|#funcOrganize#|#funcOrganizebtnAdd', 'normalApp', 3, 'btnAdd', '添加', 'fa fa-plus', '', 1, '', 'admin', '2020-09-23 18:56:58', 'admin', '2020-09-23 18:56:58', NULL, NULL);
INSERT INTO Sys_Menu(`f_id`, `f_parentId`, `f_layers`, `f_systemCode`, `f_type`, `f_code`, `f_name`, `f_icon`, `f_url`, `f_sortNum`, `f_remark`, `f_createBy`, `f_createTime`, `f_modifyBy`, `f_modifyTime`, `f_field1`, `f_field2`) VALUES ('funcOrganizebtnDelete', 'funcOrganize', '#moduleSys#|#funcOrganize#|#funcOrganizebtnDelete', 'normalApp', 3, 'btnDelete', '删除', 'fa fa-remove', '', 3, '', 'admin', '2020-09-23 18:56:58', 'admin', '2020-09-23 18:56:58', NULL, NULL);
INSERT INTO Sys_Menu(`f_id`, `f_parentId`, `f_layers`, `f_systemCode`, `f_type`, `f_code`, `f_name`, `f_icon`, `f_url`, `f_sortNum`, `f_remark`, `f_createBy`, `f_createTime`, `f_modifyBy`, `f_modifyTime`, `f_field1`, `f_field2`) VALUES ('funcOrganizebtnEdit', 'funcOrganize', '#moduleSys#|#funcOrganize#|#funcOrganizebtnEdit', 'normalApp', 3, 'btnEdit', '修改', 'fa fa-pencil', '', 2, '', 'admin', '2020-09-23 18:56:58', 'admin', '2020-09-23 18:56:58', NULL, NULL);
INSERT INTO Sys_Menu(`f_id`, `f_parentId`, `f_layers`, `f_systemCode`, `f_type`, `f_code`, `f_name`, `f_icon`, `f_url`, `f_sortNum`, `f_remark`, `f_createBy`, `f_createTime`, `f_modifyBy`, `f_modifyTime`, `f_field1`, `f_field2`) VALUES ('funcOrganizebtnQuery', 'funcOrganize', '#moduleSys#|#funcOrganize#|#funcOrganizebtnQuery', 'normalApp', 3, 'btnQuery', '查询', 'fa fa-search', '', 4, '', 'admin', '2020-09-23 18:56:58', 'admin', '2020-09-23 18:56:58', NULL, NULL);
INSERT INTO Sys_Menu(`f_id`, `f_parentId`, `f_layers`, `f_systemCode`, `f_type`, `f_code`, `f_name`, `f_icon`, `f_url`, `f_sortNum`, `f_remark`, `f_createBy`, `f_createTime`, `f_modifyBy`, `f_modifyTime`, `f_field1`, `f_field2`) VALUES ('funcQuarters', 'moduleSys', '#moduleSys#|#funcQuarters#', 'normalApp', 2, 'funcQuarters', '岗位管理', 'fa fa-street-view', 'role/quarters/index', 4, '', 'admin', '2020-09-23 18:56:58', 'admin', '2020-09-23 18:56:58', NULL, NULL);
INSERT INTO Sys_Menu(`f_id`, `f_parentId`, `f_layers`, `f_systemCode`, `f_type`, `f_code`, `f_name`, `f_icon`, `f_url`, `f_sortNum`, `f_remark`, `f_createBy`, `f_createTime`, `f_modifyBy`, `f_modifyTime`, `f_field1`, `f_field2`) VALUES ('funcQuartersbtnAdd', 'funcQuarters', '#moduleSys#|#funcQuarters#|#funcQuartersbtnAdd', 'normalApp', 3, 'btnAdd', '添加', 'fa fa-plus', '', 1, '', 'admin', '2020-09-23 18:56:58', 'admin', '2020-09-23 18:56:58', NULL, NULL);
INSERT INTO Sys_Menu(`f_id`, `f_parentId`, `f_layers`, `f_systemCode`, `f_type`, `f_code`, `f_name`, `f_icon`, `f_url`, `f_sortNum`, `f_remark`, `f_createBy`, `f_createTime`, `f_modifyBy`, `f_modifyTime`, `f_field1`, `f_field2`) VALUES ('funcQuartersbtnDelete', 'funcQuarters', '#moduleSys#|#funcQuarters#|#funcQuartersbtnDelete', 'normalApp', 3, 'btnDelete', '删除', 'fa fa-remove', '', 3, '', 'admin', '2020-09-23 18:56:58', 'admin', '2020-09-23 18:56:58', NULL, NULL);
INSERT INTO Sys_Menu(`f_id`, `f_parentId`, `f_layers`, `f_systemCode`, `f_type`, `f_code`, `f_name`, `f_icon`, `f_url`, `f_sortNum`, `f_remark`, `f_createBy`, `f_createTime`, `f_modifyBy`, `f_modifyTime`, `f_field1`, `f_field2`) VALUES ('funcQuartersbtnEdit', 'funcQuarters', '#moduleSys#|#funcQuarters#|#funcQuartersbtnEdit', 'normalApp', 3, 'btnEdit', '修改', 'fa fa-pencil', '', 2, '', 'admin', '2020-09-23 18:56:58', 'admin', '2020-09-23 18:56:58', NULL, NULL);
INSERT INTO Sys_Menu(`f_id`, `f_parentId`, `f_layers`, `f_systemCode`, `f_type`, `f_code`, `f_name`, `f_icon`, `f_url`, `f_sortNum`, `f_remark`, `f_createBy`, `f_createTime`, `f_modifyBy`, `f_modifyTime`, `f_field1`, `f_field2`) VALUES ('funcQuartersbtnQuery', 'funcQuarters', '#moduleSys#|#funcQuarters#|#funcQuartersbtnQuery', 'normalApp', 3, 'btnQuery', '查询', 'fa fa-search', '', 4, '', 'admin', '2020-09-23 18:56:58', 'admin', '2020-09-23 18:56:58', NULL, NULL);
INSERT INTO Sys_Menu(`f_id`, `f_parentId`, `f_layers`, `f_systemCode`, `f_type`, `f_code`, `f_name`, `f_icon`, `f_url`, `f_sortNum`, `f_remark`, `f_createBy`, `f_createTime`, `f_modifyBy`, `f_modifyTime`, `f_field1`, `f_field2`) VALUES ('funcRole', 'moduleSys', '#moduleSys#|#funcRole#', 'normalApp', 2, 'funcRole', '角色管理', 'fa fa-user-secret', 'role/index', 2, '', 'admin', '2020-09-23 18:56:58', 'admin', '2020-09-23 18:56:58', NULL, NULL);
INSERT INTO Sys_Menu(`f_id`, `f_parentId`, `f_layers`, `f_systemCode`, `f_type`, `f_code`, `f_name`, `f_icon`, `f_url`, `f_sortNum`, `f_remark`, `f_createBy`, `f_createTime`, `f_modifyBy`, `f_modifyTime`, `f_field1`, `f_field2`) VALUES ('funcRolebtnAdd', 'funcRole', '#moduleSys#|#funcRole#|#funcRolebtnAdd', 'normalApp', 3, 'btnAdd', '添加', 'fa fa-plus', '', 1, '', 'admin', '2020-09-23 18:56:58', 'admin', '2020-09-23 18:56:58', NULL, NULL);
INSERT INTO Sys_Menu(`f_id`, `f_parentId`, `f_layers`, `f_systemCode`, `f_type`, `f_code`, `f_name`, `f_icon`, `f_url`, `f_sortNum`, `f_remark`, `f_createBy`, `f_createTime`, `f_modifyBy`, `f_modifyTime`, `f_field1`, `f_field2`) VALUES ('funcRolebtnDelete', 'funcRole', '#moduleSys#|#funcRole#|#funcRolebtnDelete', 'normalApp', 3, 'btnDelete', '删除', 'fa fa-remove', '', 3, '', 'admin', '2020-09-23 18:56:58', 'admin', '2020-09-23 18:56:58', NULL, NULL);
INSERT INTO Sys_Menu(`f_id`, `f_parentId`, `f_layers`, `f_systemCode`, `f_type`, `f_code`, `f_name`, `f_icon`, `f_url`, `f_sortNum`, `f_remark`, `f_createBy`, `f_createTime`, `f_modifyBy`, `f_modifyTime`, `f_field1`, `f_field2`) VALUES ('funcRolebtnEdit', 'funcRole', '#moduleSys#|#funcRole#|#funcRolebtnEdit', 'normalApp', 3, 'btnEdit', '修改', 'fa fa-pencil', '', 2, '', 'admin', '2020-09-23 18:56:58', 'admin', '2020-09-23 18:56:58', NULL, NULL);
INSERT INTO Sys_Menu(`f_id`, `f_parentId`, `f_layers`, `f_systemCode`, `f_type`, `f_code`, `f_name`, `f_icon`, `f_url`, `f_sortNum`, `f_remark`, `f_createBy`, `f_createTime`, `f_modifyBy`, `f_modifyTime`, `f_field1`, `f_field2`) VALUES ('funcRolebtnQuery', 'funcRole', '#moduleSys#|#funcRole#|#funcRolebtnQuery', 'normalApp', 3, 'btnQuery', '查询', 'fa fa-search', '', 5, '', 'admin', '2020-09-23 18:56:58', 'admin', '2020-09-23 18:56:58', NULL, NULL);
INSERT INTO Sys_Menu(`f_id`, `f_parentId`, `f_layers`, `f_systemCode`, `f_type`, `f_code`, `f_name`, `f_icon`, `f_url`, `f_sortNum`, `f_remark`, `f_createBy`, `f_createTime`, `f_modifyBy`, `f_modifyTime`, `f_field1`, `f_field2`) VALUES ('funcRolebtnRoleMenu', 'funcRole', '#moduleSys#|#funcRole#|#funcRolebtnRoleMenu', 'normalApp', 3, 'btnRoleMenu', '赋予权限', 'fa fa-users', '', 4, '', 'admin', '2020-09-23 18:56:58', 'admin', '2020-09-23 18:56:58', NULL, NULL);
INSERT INTO Sys_Menu(`f_id`, `f_parentId`, `f_layers`, `f_systemCode`, `f_type`, `f_code`, `f_name`, `f_icon`, `f_url`, `f_sortNum`, `f_remark`, `f_createBy`, `f_createTime`, `f_modifyBy`, `f_modifyTime`, `f_field1`, `f_field2`) VALUES ('funcSystem', 'moduleSys', '#moduleSys#|#funcSystem#', 'normalApp', 2, 'funcSystem', '系统管理', 'fa fa-assistive-listening-systems', 'system/index', 10, '', 'admin', '2020-09-23 18:56:58', 'admin', '2020-09-23 18:56:58', NULL, NULL);
INSERT INTO Sys_Menu(`f_id`, `f_parentId`, `f_layers`, `f_systemCode`, `f_type`, `f_code`, `f_name`, `f_icon`, `f_url`, `f_sortNum`, `f_remark`, `f_createBy`, `f_createTime`, `f_modifyBy`, `f_modifyTime`, `f_field1`, `f_field2`) VALUES ('funcSystembtnAdd', 'funcSystem', '#moduleSys#|#funcSystem#|#funcSystembtnAdd#', 'normalApp', 3, 'btnAdd', '添加', 'fa fa-plus', '', 1, '', 'admin', '2020-09-23 18:56:58', 'admin', '2020-09-23 18:56:58', NULL, NULL);
INSERT INTO Sys_Menu(`f_id`, `f_parentId`, `f_layers`, `f_systemCode`, `f_type`, `f_code`, `f_name`, `f_icon`, `f_url`, `f_sortNum`, `f_remark`, `f_createBy`, `f_createTime`, `f_modifyBy`, `f_modifyTime`, `f_field1`, `f_field2`) VALUES ('funcSystembtnAddVersion', 'funcSystem', '#moduleSys#|#funcSystem#|#funcSystembtnAddVersion#', 'normalApp', 3, 'btnAddVersion', '系统版本添加', 'fa fa-plus', '', 6, '', 'admin', '2020-09-23 18:56:58', 'admin', '2020-09-23 18:56:58', NULL, NULL);
INSERT INTO Sys_Menu(`f_id`, `f_parentId`, `f_layers`, `f_systemCode`, `f_type`, `f_code`, `f_name`, `f_icon`, `f_url`, `f_sortNum`, `f_remark`, `f_createBy`, `f_createTime`, `f_modifyBy`, `f_modifyTime`, `f_field1`, `f_field2`) VALUES ('funcSystembtnDelete', 'funcSystem', '#moduleSys#|#funcSystem#|#funcSystembtnDelete#', 'normalApp', 3, 'btnDelete', '删除', 'fa fa-remove', '', 3, '', 'admin', '2020-09-23 18:56:58', 'admin', '2020-09-23 18:56:58', NULL, NULL);
INSERT INTO Sys_Menu(`f_id`, `f_parentId`, `f_layers`, `f_systemCode`, `f_type`, `f_code`, `f_name`, `f_icon`, `f_url`, `f_sortNum`, `f_remark`, `f_createBy`, `f_createTime`, `f_modifyBy`, `f_modifyTime`, `f_field1`, `f_field2`) VALUES ('funcSystembtnDeleteVersion', 'funcSystem', '#moduleSys#|#funcSystem#|#funcSystembtnDeleteVersion#', 'normalApp', 3, 'btnDeleteVersion', '系统版本删除', 'fa fa-remove', '', 8, '', 'admin', '2020-09-23 18:56:58', 'admin', '2020-09-23 18:56:58', NULL, NULL);
INSERT INTO Sys_Menu(`f_id`, `f_parentId`, `f_layers`, `f_systemCode`, `f_type`, `f_code`, `f_name`, `f_icon`, `f_url`, `f_sortNum`, `f_remark`, `f_createBy`, `f_createTime`, `f_modifyBy`, `f_modifyTime`, `f_field1`, `f_field2`) VALUES ('funcSystembtnDisable', 'funcSystem', '#moduleSys#|#funcSystem#|#funcSystembtnDisable#', 'normalApp', 3, 'btnDisable', '禁用', 'fa fa-check', '', 5, '', 'admin', '2020-09-23 18:56:58', 'admin', '2020-09-23 18:56:58', NULL, NULL);
INSERT INTO Sys_Menu(`f_id`, `f_parentId`, `f_layers`, `f_systemCode`, `f_type`, `f_code`, `f_name`, `f_icon`, `f_url`, `f_sortNum`, `f_remark`, `f_createBy`, `f_createTime`, `f_modifyBy`, `f_modifyTime`, `f_field1`, `f_field2`) VALUES ('funcSystembtnEdit', 'funcSystem', '#moduleSys#|#funcSystem#|#funcSystembtnEdit#', 'normalApp', 3, 'btnEdit', '修改', 'fa fa-pencil', '', 2, '', 'admin', '2020-09-23 18:56:58', 'admin', '2020-09-23 18:56:58', NULL, NULL);
INSERT INTO Sys_Menu(`f_id`, `f_parentId`, `f_layers`, `f_systemCode`, `f_type`, `f_code`, `f_name`, `f_icon`, `f_url`, `f_sortNum`, `f_remark`, `f_createBy`, `f_createTime`, `f_modifyBy`, `f_modifyTime`, `f_field1`, `f_field2`) VALUES ('funcSystembtnEditVersion', 'funcSystem', '#moduleSys#|#funcSystem#|#funcSystembtnEditVersion#', 'normalApp', 3, 'btnEditVersion', '系统版本修改', 'fa fa-pencil', '', 7, '', 'admin', '2020-09-23 18:56:58', 'admin', '2020-09-23 18:56:58', NULL, NULL);
INSERT INTO Sys_Menu(`f_id`, `f_parentId`, `f_layers`, `f_systemCode`, `f_type`, `f_code`, `f_name`, `f_icon`, `f_url`, `f_sortNum`, `f_remark`, `f_createBy`, `f_createTime`, `f_modifyBy`, `f_modifyTime`, `f_field1`, `f_field2`) VALUES ('funcSystembtnQuery', 'funcSystem', '#moduleSys#|#funcSystem#|#funcSystembtnQuery#', 'normalApp', 3, 'btnQuery', '查询', 'fa fa-search', '', 4, '', 'admin', '2020-09-23 18:56:58', 'admin', '2020-09-23 18:56:58', NULL, NULL);
INSERT INTO Sys_Menu(`f_id`, `f_parentId`, `f_layers`, `f_systemCode`, `f_type`, `f_code`, `f_name`, `f_icon`, `f_url`, `f_sortNum`, `f_remark`, `f_createBy`, `f_createTime`, `f_modifyBy`, `f_modifyTime`, `f_field1`, `f_field2`) VALUES ('funcSystembtnVersionManage', 'funcSystem', '#moduleSys#|#funcSystem#|#funcSystembtnVersionManage#', 'normalApp', 3, 'btnVersionManage', '系统版本管理', 'fa fa-code-fork', '', 5, '', 'admin', '2020-09-23 18:56:58', 'admin', '2020-09-23 18:56:58', NULL, NULL);
INSERT INTO Sys_Menu(`f_id`, `f_parentId`, `f_layers`, `f_systemCode`, `f_type`, `f_code`, `f_name`, `f_icon`, `f_url`, `f_sortNum`, `f_remark`, `f_createBy`, `f_createTime`, `f_modifyBy`, `f_modifyTime`, `f_field1`, `f_field2`) VALUES ('funcUser', 'moduleSys', '#moduleSys#|#funcUser#', 'normalApp', 2, 'funcUser', '用户管理', 'fa fa-user', 'user/index', 1, '', 'admin', '2020-09-23 18:56:58', 'admin', '2020-09-23 18:56:58', NULL, NULL);
INSERT INTO Sys_Menu(`f_id`, `f_parentId`, `f_layers`, `f_systemCode`, `f_type`, `f_code`, `f_name`, `f_icon`, `f_url`, `f_sortNum`, `f_remark`, `f_createBy`, `f_createTime`, `f_modifyBy`, `f_modifyTime`, `f_field1`, `f_field2`) VALUES ('funcUserbtnAdd', 'funcUser', '#moduleSys#|#funcUser#|#funcUserbtnAdd#', 'normalApp', 3, 'btnAdd', '添加', 'fa fa-plus', '', 1, '', 'admin', '2020-09-23 18:56:58', 'admin', '2020-09-23 18:56:58', NULL, NULL);
INSERT INTO Sys_Menu(`f_id`, `f_parentId`, `f_layers`, `f_systemCode`, `f_type`, `f_code`, `f_name`, `f_icon`, `f_url`, `f_sortNum`, `f_remark`, `f_createBy`, `f_createTime`, `f_modifyBy`, `f_modifyTime`, `f_field1`, `f_field2`) VALUES ('funcUserbtnDelete', 'funcUser', '#moduleSys#|#funcUser#|#funcUserbtnDelete', 'normalApp', 3, 'btnDelete', '删除', 'fa fa-remove', '', 3, '', 'admin', '2020-09-23 18:56:58', 'admin', '2020-09-23 18:56:58', NULL, NULL);
INSERT INTO Sys_Menu(`f_id`, `f_parentId`, `f_layers`, `f_systemCode`, `f_type`, `f_code`, `f_name`, `f_icon`, `f_url`, `f_sortNum`, `f_remark`, `f_createBy`, `f_createTime`, `f_modifyBy`, `f_modifyTime`, `f_field1`, `f_field2`) VALUES ('funcUserbtnEdit', 'funcUser', '#moduleSys#|#funcUser#|#funcUserbtnEdit', 'normalApp', 3, 'btnEdit', '修改', 'fa fa-pencil', '', 2, '', 'admin', '2020-09-23 18:56:58', 'admin', '2020-09-23 18:56:58', NULL, NULL);
INSERT INTO Sys_Menu(`f_id`, `f_parentId`, `f_layers`, `f_systemCode`, `f_type`, `f_code`, `f_name`, `f_icon`, `f_url`, `f_sortNum`, `f_remark`, `f_createBy`, `f_createTime`, `f_modifyBy`, `f_modifyTime`, `f_field1`, `f_field2`) VALUES ('funcUserbtnQuery', 'funcUser', '#moduleSys#|#funcUser#|#funcUserbtnQuery', 'normalApp', 3, 'btnQuery', '查询', 'fa fa-search', '', 6, '', 'admin', '2020-09-23 18:56:58', 'admin', '2020-09-23 18:56:58', NULL, NULL);
INSERT INTO Sys_Menu(`f_id`, `f_parentId`, `f_layers`, `f_systemCode`, `f_type`, `f_code`, `f_name`, `f_icon`, `f_url`, `f_sortNum`, `f_remark`, `f_createBy`, `f_createTime`, `f_modifyBy`, `f_modifyTime`, `f_field1`, `f_field2`) VALUES ('funcUserbtnReset', 'funcUser', '#moduleSys#|#funcUser#|#funcUserbtnReset', 'normalApp', 3, 'btnReset', '重置密码', 'fa fa-refresh', '', 4, '', 'admin', '2020-09-23 18:56:58', 'admin', '2020-09-23 18:56:58', NULL, NULL);
INSERT INTO Sys_Menu(`f_id`, `f_parentId`, `f_layers`, `f_systemCode`, `f_type`, `f_code`, `f_name`, `f_icon`, `f_url`, `f_sortNum`, `f_remark`, `f_createBy`, `f_createTime`, `f_modifyBy`, `f_modifyTime`, `f_field1`, `f_field2`) VALUES ('funcUserbtnUserRole', 'funcUser', '#moduleSys#|#funcUser#|#funcUserbtnUserRole', 'normalApp', 3, 'btnUserRole', '赋予角色', 'fa fa-user-secret', '', 5, '', 'admin', '2020-09-23 18:56:58', 'admin', '2020-09-23 18:56:58', NULL, NULL);
INSERT INTO Sys_Menu(`f_id`, `f_parentId`, `f_layers`, `f_systemCode`, `f_type`, `f_code`, `f_name`, `f_icon`, `f_url`, `f_sortNum`, `f_remark`, `f_createBy`, `f_createTime`, `f_modifyBy`, `f_modifyTime`, `f_field1`, `f_field2`) VALUES ('funFile', 'moduleSys', '#moduleSys#|#funFile#', 'normalApp', 2, 'funFile', '文件管理', 'fa fa-envelope', 'sysFiles/index', 11, '', 'admin', '2020-09-23 18:56:58', 'admin', '2020-09-23 18:56:58', NULL, NULL);
INSERT INTO Sys_Menu(`f_id`, `f_parentId`, `f_layers`, `f_systemCode`, `f_type`, `f_code`, `f_name`, `f_icon`, `f_url`, `f_sortNum`, `f_remark`, `f_createBy`, `f_createTime`, `f_modifyBy`, `f_modifyTime`, `f_field1`, `f_field2`) VALUES ('funFilebtnAdd', 'funFile', '#moduleSys#|#funFile#|#funFilebtnAdd#', 'normalApp', 3, 'btnAdd', '添加', 'fa fa-plus', '', 1, '', 'admin', '2020-09-23 18:56:58', 'admin', '2020-09-23 18:56:58', NULL, NULL);
INSERT INTO Sys_Menu(`f_id`, `f_parentId`, `f_layers`, `f_systemCode`, `f_type`, `f_code`, `f_name`, `f_icon`, `f_url`, `f_sortNum`, `f_remark`, `f_createBy`, `f_createTime`, `f_modifyBy`, `f_modifyTime`, `f_field1`, `f_field2`) VALUES ('funFilebtnDelete', 'funFile', '#moduleSys#|#funFile#|#funFilebtnDelete#', 'normalApp', 3, 'btnDelete', '删除', 'fa fa-remove', '', 3, '', 'admin', '2020-09-23 18:56:58', 'admin', '2020-09-23 18:56:58', NULL, NULL);
INSERT INTO Sys_Menu(`f_id`, `f_parentId`, `f_layers`, `f_systemCode`, `f_type`, `f_code`, `f_name`, `f_icon`, `f_url`, `f_sortNum`, `f_remark`, `f_createBy`, `f_createTime`, `f_modifyBy`, `f_modifyTime`, `f_field1`, `f_field2`) VALUES ('funFilebtnDownload', 'funFile', '#moduleSys#|#funFile#|#funFilebtnDownload#', 'normalApp', 3, 'btnDownload', '下载', 'fa fa-cloud-download', '', 2, '', 'admin', '2020-09-23 18:56:58', 'admin', '2020-09-23 18:56:58', NULL, NULL);
INSERT INTO Sys_Menu(`f_id`, `f_parentId`, `f_layers`, `f_systemCode`, `f_type`, `f_code`, `f_name`, `f_icon`, `f_url`, `f_sortNum`, `f_remark`, `f_createBy`, `f_createTime`, `f_modifyBy`, `f_modifyTime`, `f_field1`, `f_field2`) VALUES ('funFilebtnQuery', 'funFile', '#moduleSys#|#funFile#|#funFilebtnQuery#', 'normalApp', 3, 'btnQuery', '查询', 'fa fa-search', '', 4, '', 'admin', '2020-09-23 18:56:58', 'admin', '2020-09-23 18:56:58', NULL, NULL);
INSERT INTO Sys_Menu(`f_id`, `f_parentId`, `f_layers`, `f_systemCode`, `f_type`, `f_code`, `f_name`, `f_icon`, `f_url`, `f_sortNum`, `f_remark`, `f_createBy`, `f_createTime`, `f_modifyBy`, `f_modifyTime`, `f_field1`, `f_field2`) VALUES ('funSet', 'moduleSys', '#moduleSys#|#funSet', 'normalApp', 2, 'funSet', '系统设置', 'fa fa-wrench', 'config/index', 8, '1', 'admin', '2020-09-23 18:56:58', 'admin', '2020-09-23 18:56:58', NULL, NULL);
INSERT INTO Sys_Menu(`f_id`, `f_parentId`, `f_layers`, `f_systemCode`, `f_type`, `f_code`, `f_name`, `f_icon`, `f_url`, `f_sortNum`, `f_remark`, `f_createBy`, `f_createTime`, `f_modifyBy`, `f_modifyTime`, `f_field1`, `f_field2`) VALUES ('funSetbtnQuery', 'funSet', '#moduleSys#|#funSet|#funSetbtnQuery#', 'normalApp', 3, 'btnQuery', '查询', 'fa fa-search', '', 2, '', 'admin', '2020-09-23 18:56:58', 'admin', '2020-09-23 18:56:58', NULL, NULL);
INSERT INTO Sys_Menu(`f_id`, `f_parentId`, `f_layers`, `f_systemCode`, `f_type`, `f_code`, `f_name`, `f_icon`, `f_url`, `f_sortNum`, `f_remark`, `f_createBy`, `f_createTime`, `f_modifyBy`, `f_modifyTime`, `f_field1`, `f_field2`) VALUES ('funSetbtnSubmit', 'funSet', '#moduleSys#|#funSet#funSetbtnSubmit', 'normalApp', 3, 'btnSubmit', '保存', 'fa fa-save', '', 1, '', 'admin', '2020-09-23 18:56:58', 'admin', '2020-09-23 18:56:58', NULL, NULL);
INSERT INTO Sys_Menu(`f_id`, `f_parentId`, `f_layers`, `f_systemCode`, `f_type`, `f_code`, `f_name`, `f_icon`, `f_url`, `f_sortNum`, `f_remark`, `f_createBy`, `f_createTime`, `f_modifyBy`, `f_modifyTime`, `f_field1`, `f_field2`) VALUES ('moduleSys', '0', '#moduleSys#', 'normalApp', 1, 'moduleSys', '系统管理', 'fa fa-address-card-o', '', 9, '', ' ', '2020-09-23 18:56:58', 'admin', '2020-09-23 18:56:58', NULL, NULL);

-- 角色信息
INSERT INTO Sys_Role(`F_Id`, `F_Code`, `F_Name`, `F_Description`, `F_Type`, `F_SortNum`, `F_Remark`, `f_createBy`, `F_CreateTime`, `f_modifyBy`, `f_modifyTime`, `F_Field1`, `F_Field2`) VALUES ('admin', 'admin', '管理员', '', 1, 1, '', 'admin', '2018-01-08 13:44:36', 'admin', '2020-02-28 05:45:21', NULL, NULL);

-- 角色权限信息
INSERT INTO Sys_RoleMenu(`f_id`, `f_roleId`, `f_menuId`, `f_sortNum`) VALUES ('funcAccessToken', 'admin', 'funcAccessToken', NULL);
INSERT INTO Sys_RoleMenu(`f_id`, `f_roleId`, `f_menuId`, `f_sortNum`) VALUES ('funcAccessTokenbtnDisable', 'admin', 'funcAccessTokenbtnDisable', NULL);
INSERT INTO Sys_RoleMenu(`f_id`, `f_roleId`, `f_menuId`, `f_sortNum`) VALUES ('funcAccessTokenbtnQuery', 'admin', 'funcAccessTokenbtnQuery', NULL);
INSERT INTO Sys_RoleMenu(`f_id`, `f_roleId`, `f_menuId`, `f_sortNum`) VALUES ('funcDataType', 'admin', 'funcDataType', NULL);
INSERT INTO Sys_RoleMenu(`f_id`, `f_roleId`, `f_menuId`, `f_sortNum`) VALUES ('funcDataTypebtnAdd', 'admin', 'funcDataTypebtnAdd', NULL);
INSERT INTO Sys_RoleMenu(`f_id`, `f_roleId`, `f_menuId`, `f_sortNum`) VALUES ('funcDataTypebtnDisable', 'admin', 'funcDataTypebtnDisable', NULL);
INSERT INTO Sys_RoleMenu(`f_id`, `f_roleId`, `f_menuId`, `f_sortNum`) VALUES ('funcDataTypebtnEdit', 'admin', 'funcDataTypebtnEdit', NULL);
INSERT INTO Sys_RoleMenu(`f_id`, `f_roleId`, `f_menuId`, `f_sortNum`) VALUES ('funcDataTypebtnEnable', 'admin', 'funcDataTypebtnEnable', NULL);
INSERT INTO Sys_RoleMenu(`f_id`, `f_roleId`, `f_menuId`, `f_sortNum`) VALUES ('funcDataTypebtnQuery', 'admin', 'funcDataTypebtnQuery', NULL);
INSERT INTO Sys_RoleMenu(`f_id`, `f_roleId`, `f_menuId`, `f_sortNum`) VALUES ('funcDictItem', 'admin', 'funcDictItem', NULL);
INSERT INTO Sys_RoleMenu(`f_id`, `f_roleId`, `f_menuId`, `f_sortNum`) VALUES ('funcDictItembtnAdd', 'admin', 'funcDictItembtnAdd', NULL);
INSERT INTO Sys_RoleMenu(`f_id`, `f_roleId`, `f_menuId`, `f_sortNum`) VALUES ('funcDictItembtnAddDict', 'admin', 'funcDictItembtnAddDict', NULL);
INSERT INTO Sys_RoleMenu(`f_id`, `f_roleId`, `f_menuId`, `f_sortNum`) VALUES ('funcDictItembtnDelete', 'admin', 'funcDictItembtnDelete', NULL);
INSERT INTO Sys_RoleMenu(`f_id`, `f_roleId`, `f_menuId`, `f_sortNum`) VALUES ('funcDictItembtnDeleteDict', 'admin', 'funcDictItembtnDeleteDict', NULL);
INSERT INTO Sys_RoleMenu(`f_id`, `f_roleId`, `f_menuId`, `f_sortNum`) VALUES ('funcDictItembtndictSet', 'admin', 'funcDictItembtndictSet', NULL);
INSERT INTO Sys_RoleMenu(`f_id`, `f_roleId`, `f_menuId`, `f_sortNum`) VALUES ('funcDictItembtnEdit', 'admin', 'funcDictItembtnEdit', NULL);
INSERT INTO Sys_RoleMenu(`f_id`, `f_roleId`, `f_menuId`, `f_sortNum`) VALUES ('funcDictItembtnEditDict', 'admin', 'funcDictItembtnEditDict', NULL);
INSERT INTO Sys_RoleMenu(`f_id`, `f_roleId`, `f_menuId`, `f_sortNum`) VALUES ('funcDictItembtnQuery', 'admin', 'funcDictItembtnQuery', NULL);
INSERT INTO Sys_RoleMenu(`f_id`, `f_roleId`, `f_menuId`, `f_sortNum`) VALUES ('funcDictItembtnQueryDict', 'admin', 'funcDictItembtnQueryDict', NULL);
INSERT INTO Sys_RoleMenu(`f_id`, `f_roleId`, `f_menuId`, `f_sortNum`) VALUES ('funcLog', 'admin', 'funcLog', NULL);
INSERT INTO Sys_RoleMenu(`f_id`, `f_roleId`, `f_menuId`, `f_sortNum`) VALUES ('funcLogbtnDelete', 'admin', 'funcLogbtnDelete', NULL);
INSERT INTO Sys_RoleMenu(`f_id`, `f_roleId`, `f_menuId`, `f_sortNum`) VALUES ('funcLogbtnLogsClear', 'admin', 'funcLogbtnLogsClear', NULL);
INSERT INTO Sys_RoleMenu(`f_id`, `f_roleId`, `f_menuId`, `f_sortNum`) VALUES ('funcLogbtnQuery', 'admin', 'funcLogbtnQuery', NULL);
INSERT INTO Sys_RoleMenu(`f_id`, `f_roleId`, `f_menuId`, `f_sortNum`) VALUES ('funcMenu', 'admin', 'funcMenu', NULL);
INSERT INTO Sys_RoleMenu(`f_id`, `f_roleId`, `f_menuId`, `f_sortNum`) VALUES ('funcMenubtnAdd', 'admin', 'funcMenubtnAdd', NULL);
INSERT INTO Sys_RoleMenu(`f_id`, `f_roleId`, `f_menuId`, `f_sortNum`) VALUES ('funcMenubtnAddButton', 'admin', 'funcMenubtnAddButton', NULL);
INSERT INTO Sys_RoleMenu(`f_id`, `f_roleId`, `f_menuId`, `f_sortNum`) VALUES ('funcMenubtnDelete', 'admin', 'funcMenubtnDelete', NULL);
INSERT INTO Sys_RoleMenu(`f_id`, `f_roleId`, `f_menuId`, `f_sortNum`) VALUES ('funcMenubtnDeleteButton', 'admin', 'funcMenubtnDeleteButton', NULL);
INSERT INTO Sys_RoleMenu(`f_id`, `f_roleId`, `f_menuId`, `f_sortNum`) VALUES ('funcMenubtnEdit', 'admin', 'funcMenubtnEdit', NULL);
INSERT INTO Sys_RoleMenu(`f_id`, `f_roleId`, `f_menuId`, `f_sortNum`) VALUES ('funcMenubtnEditButton', 'admin', 'funcMenubtnEditButton', NULL);
INSERT INTO Sys_RoleMenu(`f_id`, `f_roleId`, `f_menuId`, `f_sortNum`) VALUES ('funcMenubtnMenuManage', 'admin', 'funcMenubtnMenuManage', NULL);
INSERT INTO Sys_RoleMenu(`f_id`, `f_roleId`, `f_menuId`, `f_sortNum`) VALUES ('funcMenubtnQuery', 'admin', 'funcMenubtnQuery', NULL);
INSERT INTO Sys_RoleMenu(`f_id`, `f_roleId`, `f_menuId`, `f_sortNum`) VALUES ('funcModelInput', 'admin', 'funcModelInput', NULL);
INSERT INTO Sys_RoleMenu(`f_id`, `f_roleId`, `f_menuId`, `f_sortNum`) VALUES ('funcModelInputbtnAdd', 'admin', 'funcModelInputbtnAdd', NULL);
INSERT INTO Sys_RoleMenu(`f_id`, `f_roleId`, `f_menuId`, `f_sortNum`) VALUES ('funcModelInputbtnDisable', 'admin', 'funcModelInputbtnDisable', NULL);
INSERT INTO Sys_RoleMenu(`f_id`, `f_roleId`, `f_menuId`, `f_sortNum`) VALUES ('funcModelInputbtnEdit', 'admin', 'funcModelInputbtnEdit', NULL);
INSERT INTO Sys_RoleMenu(`f_id`, `f_roleId`, `f_menuId`, `f_sortNum`) VALUES ('funcModelInputbtnEnable', 'admin', 'funcModelInputbtnEnable', NULL);
INSERT INTO Sys_RoleMenu(`f_id`, `f_roleId`, `f_menuId`, `f_sortNum`) VALUES ('funcModelInputbtnModelHistory', 'admin', 'funcModelInputbtnModelHistory', NULL);
INSERT INTO Sys_RoleMenu(`f_id`, `f_roleId`, `f_menuId`, `f_sortNum`) VALUES ('funcModelInputbtnQuery', 'admin', 'funcModelInputbtnQuery', NULL);
INSERT INTO Sys_RoleMenu(`f_id`, `f_roleId`, `f_menuId`, `f_sortNum`) VALUES ('funcModelShow', 'admin', 'funcModelShow', NULL);
INSERT INTO Sys_RoleMenu(`f_id`, `f_roleId`, `f_menuId`, `f_sortNum`) VALUES ('funcOrganize', 'admin', 'funcOrganize', NULL);
INSERT INTO Sys_RoleMenu(`f_id`, `f_roleId`, `f_menuId`, `f_sortNum`) VALUES ('funcOrganizebtnAdd', 'admin', 'funcOrganizebtnAdd', NULL);
INSERT INTO Sys_RoleMenu(`f_id`, `f_roleId`, `f_menuId`, `f_sortNum`) VALUES ('funcOrganizebtnDelete', 'admin', 'funcOrganizebtnDelete', NULL);
INSERT INTO Sys_RoleMenu(`f_id`, `f_roleId`, `f_menuId`, `f_sortNum`) VALUES ('funcOrganizebtnEdit', 'admin', 'funcOrganizebtnEdit', NULL);
INSERT INTO Sys_RoleMenu(`f_id`, `f_roleId`, `f_menuId`, `f_sortNum`) VALUES ('funcOrganizebtnQuery', 'admin', 'funcOrganizebtnQuery', NULL);
INSERT INTO Sys_RoleMenu(`f_id`, `f_roleId`, `f_menuId`, `f_sortNum`) VALUES ('funcQuarters', 'admin', 'funcQuarters', NULL);
INSERT INTO Sys_RoleMenu(`f_id`, `f_roleId`, `f_menuId`, `f_sortNum`) VALUES ('funcQuartersbtnAdd', 'admin', 'funcQuartersbtnAdd', NULL);
INSERT INTO Sys_RoleMenu(`f_id`, `f_roleId`, `f_menuId`, `f_sortNum`) VALUES ('funcQuartersbtnDelete', 'admin', 'funcQuartersbtnDelete', NULL);
INSERT INTO Sys_RoleMenu(`f_id`, `f_roleId`, `f_menuId`, `f_sortNum`) VALUES ('funcQuartersbtnEdit', 'admin', 'funcQuartersbtnEdit', NULL);
INSERT INTO Sys_RoleMenu(`f_id`, `f_roleId`, `f_menuId`, `f_sortNum`) VALUES ('funcQuartersbtnQuery', 'admin', 'funcQuartersbtnQuery', NULL);
INSERT INTO Sys_RoleMenu(`f_id`, `f_roleId`, `f_menuId`, `f_sortNum`) VALUES ('funcRole', 'admin', 'funcRole', NULL);
INSERT INTO Sys_RoleMenu(`f_id`, `f_roleId`, `f_menuId`, `f_sortNum`) VALUES ('funcRolebtnAdd', 'admin', 'funcRolebtnAdd', NULL);
INSERT INTO Sys_RoleMenu(`f_id`, `f_roleId`, `f_menuId`, `f_sortNum`) VALUES ('funcRolebtnDelete', 'admin', 'funcRolebtnDelete', NULL);
INSERT INTO Sys_RoleMenu(`f_id`, `f_roleId`, `f_menuId`, `f_sortNum`) VALUES ('funcRolebtnEdit', 'admin', 'funcRolebtnEdit', NULL);
INSERT INTO Sys_RoleMenu(`f_id`, `f_roleId`, `f_menuId`, `f_sortNum`) VALUES ('funcRolebtnQuery', 'admin', 'funcRolebtnQuery', NULL);
INSERT INTO Sys_RoleMenu(`f_id`, `f_roleId`, `f_menuId`, `f_sortNum`) VALUES ('funcRolebtnRoleMenu', 'admin', 'funcRolebtnRoleMenu', NULL);
INSERT INTO Sys_RoleMenu(`f_id`, `f_roleId`, `f_menuId`, `f_sortNum`) VALUES ('funcSystem', 'admin', 'funcSystem', NULL);
INSERT INTO Sys_RoleMenu(`f_id`, `f_roleId`, `f_menuId`, `f_sortNum`) VALUES ('funcSystembtnAdd', 'admin', 'funcSystembtnAdd', NULL);
INSERT INTO Sys_RoleMenu(`f_id`, `f_roleId`, `f_menuId`, `f_sortNum`) VALUES ('funcSystembtnAddVersion', 'admin', 'funcSystembtnAddVersion', NULL);
INSERT INTO Sys_RoleMenu(`f_id`, `f_roleId`, `f_menuId`, `f_sortNum`) VALUES ('funcSystembtnDelete', 'admin', 'funcSystembtnDelete', NULL);
INSERT INTO Sys_RoleMenu(`f_id`, `f_roleId`, `f_menuId`, `f_sortNum`) VALUES ('funcSystembtnDeleteVersion', 'admin', 'funcSystembtnDeleteVersion', NULL);
INSERT INTO Sys_RoleMenu(`f_id`, `f_roleId`, `f_menuId`, `f_sortNum`) VALUES ('funcSystembtnDisable', 'admin', 'funcSystembtnDisable', NULL);
INSERT INTO Sys_RoleMenu(`f_id`, `f_roleId`, `f_menuId`, `f_sortNum`) VALUES ('funcSystembtnEdit', 'admin', 'funcSystembtnEdit', NULL);
INSERT INTO Sys_RoleMenu(`f_id`, `f_roleId`, `f_menuId`, `f_sortNum`) VALUES ('funcSystembtnEditVersion', 'admin', 'funcSystembtnEditVersion', NULL);
INSERT INTO Sys_RoleMenu(`f_id`, `f_roleId`, `f_menuId`, `f_sortNum`) VALUES ('funcSystembtnQuery', 'admin', 'funcSystembtnQuery', NULL);
INSERT INTO Sys_RoleMenu(`f_id`, `f_roleId`, `f_menuId`, `f_sortNum`) VALUES ('funcSystembtnVersionManage', 'admin', 'funcSystembtnVersionManage', NULL);
INSERT INTO Sys_RoleMenu(`f_id`, `f_roleId`, `f_menuId`, `f_sortNum`) VALUES ('funcUser', 'admin', 'funcUser', NULL);
INSERT INTO Sys_RoleMenu(`f_id`, `f_roleId`, `f_menuId`, `f_sortNum`) VALUES ('funcUserbtnAdd', 'admin', 'funcUserbtnAdd', NULL);
INSERT INTO Sys_RoleMenu(`f_id`, `f_roleId`, `f_menuId`, `f_sortNum`) VALUES ('funcUserbtnDelete', 'admin', 'funcUserbtnDelete', NULL);
INSERT INTO Sys_RoleMenu(`f_id`, `f_roleId`, `f_menuId`, `f_sortNum`) VALUES ('funcUserbtnEdit', 'admin', 'funcUserbtnEdit', NULL);
INSERT INTO Sys_RoleMenu(`f_id`, `f_roleId`, `f_menuId`, `f_sortNum`) VALUES ('funcUserbtnQuery', 'admin', 'funcUserbtnQuery', NULL);
INSERT INTO Sys_RoleMenu(`f_id`, `f_roleId`, `f_menuId`, `f_sortNum`) VALUES ('funcUserbtnReset', 'admin', 'funcUserbtnReset', NULL);
INSERT INTO Sys_RoleMenu(`f_id`, `f_roleId`, `f_menuId`, `f_sortNum`) VALUES ('funcUserbtnUserRole', 'admin', 'funcUserbtnUserRole', NULL);
INSERT INTO Sys_RoleMenu(`f_id`, `f_roleId`, `f_menuId`, `f_sortNum`) VALUES ('funFile', 'admin', 'funFile', NULL);
INSERT INTO Sys_RoleMenu(`f_id`, `f_roleId`, `f_menuId`, `f_sortNum`) VALUES ('funFilebtnAdd', 'admin', 'funFilebtnAdd', NULL);
INSERT INTO Sys_RoleMenu(`f_id`, `f_roleId`, `f_menuId`, `f_sortNum`) VALUES ('funFilebtnDelete', 'admin', 'funFilebtnDelete', NULL);
INSERT INTO Sys_RoleMenu(`f_id`, `f_roleId`, `f_menuId`, `f_sortNum`) VALUES ('funFilebtnDownload', 'admin', 'funFilebtnDownload', NULL);
INSERT INTO Sys_RoleMenu(`f_id`, `f_roleId`, `f_menuId`, `f_sortNum`) VALUES ('funFilebtnQuery', 'admin', 'funFilebtnQuery', NULL);
INSERT INTO Sys_RoleMenu(`f_id`, `f_roleId`, `f_menuId`, `f_sortNum`) VALUES ('funSet', 'admin', 'funSet', NULL);
INSERT INTO Sys_RoleMenu(`f_id`, `f_roleId`, `f_menuId`, `f_sortNum`) VALUES ('funSetbtnQuery', 'admin', 'funSetbtnQuery', NULL);
INSERT INTO Sys_RoleMenu(`f_id`, `f_roleId`, `f_menuId`, `f_sortNum`) VALUES ('funSetbtnSubmit', 'admin', 'funSetbtnSubmit', NULL);
INSERT INTO Sys_RoleMenu(`f_id`, `f_roleId`, `f_menuId`, `f_sortNum`) VALUES ('moduleSys', 'admin', 'moduleSys', NULL);


-- 组织架构信息
INSERT INTO Sys_Organize(`f_id`, `f_parentid`, `f_layers`, `f_code`, `f_name`, `f_description`, `f_manager`, `f_phone`, `f_sortnum`, `f_createby`, `f_createTime`, `f_modifyBy`, `f_modifyTime`) VALUES ('orgroot', '0', '#orgroot#', 'root', '公司根节点', '公司根节点', 'admin', '', 1, 'admin', '2020-03-16 07:02:40', 'admin', '2020-03-16 07:02:40');

-- 用户登录信息
INSERT INTO Sys_User(`f_id`, `f_account`, `f_realName`, `f_nickName`, `f_photo`, `f_sex`, `f_weChat`, `f_phone`, `f_email`, `f_birthday`, `f_departmentId`, `f_roleId`, `f_sortNum`, `f_enableDelete`, `f_remark`, `f_createBy`, `f_createTime`, `f_modifyBy`, `f_modifyTime`, `f_deleteFlag`, `f_deleteBy`, `f_deleteTime`, `f_field1`, `f_field2`, `f_field3`, `f_field4`) VALUES ('admin', 'admin', '管理员', '管理员', NULL, '1', NULL, NULL, NULL, NULL, 'orgroot', 'admin', 1, 0, NULL, 'admin', '2020-10-22 18:31:40', 'admin', '2020-10-22 18:31:44', 0, NULL, NULL, NULL, NULL, NULL, NULL);
INSERT INTO Sys_UserLogin(`f_id`, `f_userId`, `f_password`, `f_secretkey`, `f_lastVisitTime`, `f_changePassTime`, `f_multiUserLogin`, `f_logOnCount`, `f_loginStatus`, `f_question`, `f_answer`, `f_enableLogin`, `f_field1`, `f_field2`) VALUES ('admin', 'admin', 'b0d4b1c33b21400391aa4966ebf3ffbd', '5b8620ef324afec9', '2020-10-22 15:58:49', '2020-02-27 07:39:35', 0, 4082, 1, '', '', 1, NULL, NULL);--用户角色信息
INSERT INTO Sys_UserRole(`f_id`, `f_userId`, `f_roleId`) VALUES ('admin', 'admin', 'admin');


-- 字典信息
INSERT INTO Sys_Dict(`f_id`, `f_parentId`, `f_layers`, `f_code`, `f_name`, `f_description`, `f_sortNum`, `f_createBy`, `f_createTime`, `f_modifyBy`, `f_modifyTime`) VALUES ('systemType', '0', '#systemType#', 'systemType', '系统类型', '', 1, 'admin', '2018-11-02 13:51:56', 'admin', '2020-01-21 17:23:54');
INSERT INTO Sys_Dict(`f_id`, `f_parentId`, `f_layers`, `f_code`, `f_name`, `f_description`, `f_sortNum`, `f_createBy`, `f_createTime`, `f_modifyBy`, `f_modifyTime`) VALUES ('menuType', '0', '#menuType#', 'menuType', '菜单类型', '', 2, 'admin', '2018-11-06 14:59:00', 'admin', '2020-01-21 17:25:32');

-- 字典值
INSERT INTO Sys_DictItem(`f_id`, `f_dictId`, `f_code`, `f_name`, `f_description`, `f_sortNum`, `f_createBy`, `f_createTime`, `f_modifyBy`, `f_modifyTime`, `f_field1`, `f_field2`) VALUES ('thisSystem', 'systemType', 'thisSystem', '本系统', '', 2, 'admin', '2018-11-02 13:57:19', 'admin', '2020-02-21 15:48:08', NULL, NULL);
INSERT INTO Sys_DictItem(`f_id`, `f_dictId`, `f_code`, `f_name`, `f_description`, `f_sortNum`, `f_createBy`, `f_createTime`, `f_modifyBy`, `f_modifyTime`, `f_field1`, `f_field2`) VALUES ('otherSystem', 'systemType', 'otherSystem', '其他系统', '', 2, 'admin', '2018-11-02 13:57:56', 'admin', '2019-12-31 08:59:13', NULL, NULL);
INSERT INTO Sys_DictItem(`f_id`, `f_dictId`, `f_code`, `f_name`, `f_description`, `f_sortNum`, `f_createBy`, `f_createTime`, `f_modifyBy`, `f_modifyTime`, `f_field1`, `f_field2`) VALUES ('module', 'menuType', '1', '模块', '', 1, 'admin', '2018-11-06 14:59:32', '', NULL, NULL, NULL);
INSERT INTO Sys_DictItem(`f_id`, `f_dictId`, `f_code`, `f_name`, `f_description`, `f_sortNum`, `f_createBy`, `f_createTime`, `f_modifyBy`, `f_modifyTime`, `f_field1`, `f_field2`) VALUES ('function', 'menuType', '2', '功能', '', 2, 'admin', '2018-11-06 14:59:41', '', NULL, NULL, NULL);
INSERT INTO Sys_DictItem(`f_id`, `f_dictId`, `f_code`, `f_name`, `f_description`, `f_sortNum`, `f_createBy`, `f_createTime`, `f_modifyBy`, `f_modifyTime`, `f_field1`, `f_field2`) VALUES ('button', 'menuType', '3', '按钮', '', 3, 'admin', '2018-11-06 14:59:50', '', NULL, NULL, NULL);
