-- 对应系统版本： java-NormalApp V1.3
-- 当前基础数据说明： 目前基本的权限信息都包含了，含管理员用户: admin/123123

-- 系统信息
INSERT INTO sys_system(`id`, `code`, `name`, `type`, `version`, `secret`, `dev_org`, `dev_time`, `enable_flag`, `enable_delete`, `remark`, `create_by`, `create_time`, `modify_by`, `modify_time`) VALUES ('normalApp', 'normalApp', '励图开发框架', 'javaweb', 'V1.0', '123123', '励图高科', '2020-02-26 00:00:00', 1, 0, '当前框架系统', 'admin', '2020-09-23 18:56:58', 'admin', '2020-09-23 18:56:58');

-- 菜单信息
INSERT INTO sys_menu(`id`, `parent_id`, `layers`, `system_code`, `type`, `code`, `name`, `icon`, `url`, `sort_num`, `remark`, `create_by`, `create_time`, `modify_by`, `modify_time`) VALUES ('funcAccessToken', 'moduleSys', '#moduleSys#|#funcAccessToken#', 'normalApp', 2, 'funcAccessToken', '授权管理', 'fa fa-sign-in', 'accessToken/index', 9, '', 'admin', '2020-09-23 18:56:58', 'admin', '2020-09-23 18:56:58');
INSERT INTO sys_menu(`id`, `parent_id`, `layers`, `system_code`, `type`, `code`, `name`, `icon`, `url`, `sort_num`, `remark`, `create_by`, `create_time`, `modify_by`, `modify_time`) VALUES ('funcAccessTokenbtnDisable', 'funcAccessToken', '#moduleSys#|#funcAccessToken#|#funcAccessTokenbtnDisable#', 'normalApp', 3, 'btnDisable', '禁用', 'fa fa-sign-in', '', 1, '', 'admin', '2020-09-23 18:56:58', 'admin', '2020-09-23 18:56:58');
INSERT INTO sys_menu(`id`, `parent_id`, `layers`, `system_code`, `type`, `code`, `name`, `icon`, `url`, `sort_num`, `remark`, `create_by`, `create_time`, `modify_by`, `modify_time`) VALUES ('funcAccessTokenbtnQuery', 'funcAccessToken', '#moduleSys#|#funcAccessToken#|#funcAccessTokenbtnQuery#', 'normalApp', 3, 'btnQuery', '查询', 'fa fa-search', '', 2, '', 'admin', '2020-09-23 18:56:58', 'admin', '2020-09-23 18:56:58');
INSERT INTO sys_menu(`id`, `parent_id`, `layers`, `system_code`, `type`, `code`, `name`, `icon`, `url`, `sort_num`, `remark`, `create_by`, `create_time`, `modify_by`, `modify_time`) VALUES ('funcDictItem', 'moduleSys', '#moduleSys#|#funcDictItem#', 'normalApp', 2, 'funcDictItem', '字典管理', 'fa fa-book', 'dictItem/index', 7, '', 'admin', '2020-09-23 18:56:58', 'admin', '2020-09-23 18:56:58');
INSERT INTO sys_menu(`id`, `parent_id`, `layers`, `system_code`, `type`, `code`, `name`, `icon`, `url`, `sort_num`, `remark`, `create_by`, `create_time`, `modify_by`, `modify_time`) VALUES ('funcDictItembtnAdd', 'funcDictItem', '#moduleSys#|#funcDictItem#|#funcDictItembtnAdd', 'normalApp', 3, 'btnAdd', '添加', 'fa fa-plus', '', 1, '', 'admin', '2020-09-23 18:56:58', 'admin', '2020-09-23 18:56:58');
INSERT INTO sys_menu(`id`, `parent_id`, `layers`, `system_code`, `type`, `code`, `name`, `icon`, `url`, `sort_num`, `remark`, `create_by`, `create_time`, `modify_by`, `modify_time`) VALUES ('funcDictItembtnAddDict', 'funcDictItem', '#moduleSys#|#funcDictItem#|#funcDictItembtnAddDict', 'normalApp', 3, 'btnAddDict', '字典添加', 'fa fa-plus', '', 5, '', 'admin', '2020-09-23 18:56:58', 'admin', '2020-09-23 18:56:58');
INSERT INTO sys_menu(`id`, `parent_id`, `layers`, `system_code`, `type`, `code`, `name`, `icon`, `url`, `sort_num`, `remark`, `create_by`, `create_time`, `modify_by`, `modify_time`) VALUES ('funcDictItembtnDelete', 'funcDictItem', '#moduleSys#|#funcDictItem#|#funcDictItembtnDelete', 'normalApp', 3, 'btnDelete', '删除', 'fa fa-remove', '', 3, '', 'admin', '2020-09-23 18:56:58', 'admin', '2020-09-23 18:56:58');
INSERT INTO sys_menu(`id`, `parent_id`, `layers`, `system_code`, `type`, `code`, `name`, `icon`, `url`, `sort_num`, `remark`, `create_by`, `create_time`, `modify_by`, `modify_time`) VALUES ('funcDictItembtnDeleteDict', 'funcDictItem', '#moduleSys#|#funcDictItem#|#funcDictItembtnDeleteDict', 'normalApp', 3, 'btnDeleteDict', '字典删除', 'fa fa-remove', '', 7, '', 'admin', '2020-09-23 18:56:58', 'admin', '2020-09-23 18:56:58');
INSERT INTO sys_menu(`id`, `parent_id`, `layers`, `system_code`, `type`, `code`, `name`, `icon`, `url`, `sort_num`, `remark`, `create_by`, `create_time`, `modify_by`, `modify_time`) VALUES ('funcDictItembtndictSet', 'funcDictItem', '#moduleSys#|#funcDictItem#|#funcDictItembtndictSet', 'normalApp', 3, 'dictSet', '字典设置', 'fa fa-book', '', 4, '', 'admin', '2020-09-23 18:56:58', 'admin', '2020-09-23 18:56:58');
INSERT INTO sys_menu(`id`, `parent_id`, `layers`, `system_code`, `type`, `code`, `name`, `icon`, `url`, `sort_num`, `remark`, `create_by`, `create_time`, `modify_by`, `modify_time`) VALUES ('funcDictItembtnEdit', 'funcDictItem', '#moduleSys#|#funcDictItem#|#funcDictItembtnEdit', 'normalApp', 3, 'btnEdit', '修改', 'fa fa-pencil', '', 2, '', 'admin', '2020-09-23 18:56:58', 'admin', '2020-09-23 18:56:58');
INSERT INTO sys_menu(`id`, `parent_id`, `layers`, `system_code`, `type`, `code`, `name`, `icon`, `url`, `sort_num`, `remark`, `create_by`, `create_time`, `modify_by`, `modify_time`) VALUES ('funcDictItembtnEditDict', 'funcDictItem', '#moduleSys#|#funcDictItem#|#funcDictItembtnEditDict', 'normalApp', 3, 'btnEditDict', '字典修改', 'fa fa-pencil', '', 6, '', 'admin', '2020-09-23 18:56:58', 'admin', '2020-09-23 18:56:58');
INSERT INTO sys_menu(`id`, `parent_id`, `layers`, `system_code`, `type`, `code`, `name`, `icon`, `url`, `sort_num`, `remark`, `create_by`, `create_time`, `modify_by`, `modify_time`) VALUES ('funcDictItembtnQuery', 'funcDictItem', '#moduleSys#|#funcDictItem#|#funcDictItembtnQuery', 'normalApp', 3, 'btnQuery', '查询', 'fa fa-search', '', 8, '', 'admin', '2020-09-23 18:56:58', 'admin', '2020-09-23 18:56:58');
INSERT INTO sys_menu(`id`, `parent_id`, `layers`, `system_code`, `type`, `code`, `name`, `icon`, `url`, `sort_num`, `remark`, `create_by`, `create_time`, `modify_by`, `modify_time`) VALUES ('funcDictItembtnQueryDict', 'funcDictItem', '#moduleSys#|#funcDictItem#|#funcDictItembtnQueryDict', 'normalApp', 3, 'btnQueryDict', '字典查询', 'fa fa-search', '', 9, '', 'admin', '2020-09-23 18:56:58', 'admin', '2020-09-23 18:56:58');
INSERT INTO sys_menu(`id`, `parent_id`, `layers`, `system_code`, `type`, `code`, `name`, `icon`, `url`, `sort_num`, `remark`, `create_by`, `create_time`, `modify_by`, `modify_time`) VALUES ('funcLog', 'moduleSys', '#moduleSys#|#funcLog#', 'normalApp', 2, 'funcLog', '系统日志', 'fa fa-address-book', 'log/index', 6, '', 'admin', '2020-09-23 18:56:58', 'admin', '2020-09-23 18:56:58');
INSERT INTO sys_menu(`id`, `parent_id`, `layers`, `system_code`, `type`, `code`, `name`, `icon`, `url`, `sort_num`, `remark`, `create_by`, `create_time`, `modify_by`, `modify_time`) VALUES ('funcLogbtnDelete', 'funcLog', '#moduleSys#|#funcLog#|#funcLogbtnDelete', 'normalApp', 3, 'btnDelete', '删除', 'fa fa-remove', '', 1, '', 'admin', '2020-09-23 18:56:58', 'admin', '2020-09-23 18:56:58');
INSERT INTO sys_menu(`id`, `parent_id`, `layers`, `system_code`, `type`, `code`, `name`, `icon`, `url`, `sort_num`, `remark`, `create_by`, `create_time`, `modify_by`, `modify_time`) VALUES ('funcLogbtnLogsClear', 'funcLog', '#moduleSys#|#funcLog#|#funcLogbtnLogsClear', 'normalApp', 3, 'btnLogsClear', '清空日志', 'fa fa-trash-o', '', 2, '', 'admin', '2020-09-23 18:56:58', 'admin', '2020-09-23 18:56:58');
INSERT INTO sys_menu(`id`, `parent_id`, `layers`, `system_code`, `type`, `code`, `name`, `icon`, `url`, `sort_num`, `remark`, `create_by`, `create_time`, `modify_by`, `modify_time`) VALUES ('funcLogbtnQuery', 'funcLog', '#moduleSys#|#funcLog#|#funcLogbtnQuery', 'normalApp', 3, 'btnQuery', '查询', 'fa fa-search', '', 3, '', 'admin', '2020-09-23 18:56:58', 'admin', '2020-09-23 18:56:58');
INSERT INTO sys_menu(`id`, `parent_id`, `layers`, `system_code`, `type`, `code`, `name`, `icon`, `url`, `sort_num`, `remark`, `create_by`, `create_time`, `modify_by`, `modify_time`) VALUES ('funcMenu', 'moduleSys', '#moduleSys#|#funcMenu#', 'normalApp', 2, 'funcMenu', '菜单管理', 'fa fa-th-large', 'menu/index', 3, '', 'admin', '2020-09-23 18:56:58', 'admin', '2020-09-23 18:56:58');
INSERT INTO sys_menu(`id`, `parent_id`, `layers`, `system_code`, `type`, `code`, `name`, `icon`, `url`, `sort_num`, `remark`, `create_by`, `create_time`, `modify_by`, `modify_time`) VALUES ('funcMenubtnAdd', 'funcMenu', '#moduleSys#|#funcMenu#|#funcMenubtnAdd', 'normalApp', 3, 'btnAdd', '添加', 'fa fa-plus', '', 1, '', 'admin', '2020-09-23 18:56:58', 'admin', '2020-09-23 18:56:58');
INSERT INTO sys_menu(`id`, `parent_id`, `layers`, `system_code`, `type`, `code`, `name`, `icon`, `url`, `sort_num`, `remark`, `create_by`, `create_time`, `modify_by`, `modify_time`) VALUES ('funcMenubtnAddButton', 'funcMenu', '#moduleSys#|#funcMenu#|#funcMenubtnAddButton', 'normalApp', 3, 'btnAddButton', '添加(按钮管理)', 'fa fa-plus', '', 5, '', 'admin', '2020-09-23 18:56:58', 'admin', '2020-09-23 18:56:58');
INSERT INTO sys_menu(`id`, `parent_id`, `layers`, `system_code`, `type`, `code`, `name`, `icon`, `url`, `sort_num`, `remark`, `create_by`, `create_time`, `modify_by`, `modify_time`) VALUES ('funcMenubtnDelete', 'funcMenu', '#moduleSys#|#funcMenu#|#funcMenubtnDelete', 'normalApp', 3, 'btnDelete', '删除', 'fa fa-remove', '', 3, '', 'admin', '2020-09-23 18:56:58', 'admin', '2020-09-23 18:56:58');
INSERT INTO sys_menu(`id`, `parent_id`, `layers`, `system_code`, `type`, `code`, `name`, `icon`, `url`, `sort_num`, `remark`, `create_by`, `create_time`, `modify_by`, `modify_time`) VALUES ('funcMenubtnDeleteButton', 'funcMenu', '#moduleSys#|#funcMenu#|#funcMenubtnDeleteButton', 'normalApp', 3, 'btnDeleteButton', '删除(按钮管理)', 'fa fa-remove', '', 7, '', 'admin', '2020-09-23 18:56:58', 'admin', '2020-09-23 18:56:58');
INSERT INTO sys_menu(`id`, `parent_id`, `layers`, `system_code`, `type`, `code`, `name`, `icon`, `url`, `sort_num`, `remark`, `create_by`, `create_time`, `modify_by`, `modify_time`) VALUES ('funcMenubtnEdit', 'funcMenu', '#moduleSys#|#funcMenu#|#funcMenubtnEdit', 'normalApp', 3, 'btnEdit', '修改', 'fa fa-pencil', '', 2, '', 'admin', '2020-09-23 18:56:58', 'admin', '2020-09-23 18:56:58');
INSERT INTO sys_menu(`id`, `parent_id`, `layers`, `system_code`, `type`, `code`, `name`, `icon`, `url`, `sort_num`, `remark`, `create_by`, `create_time`, `modify_by`, `modify_time`) VALUES ('funcMenubtnEditButton', 'funcMenu', '#moduleSys#|#funcMenu#|#funcMenubtnEditButton', 'normalApp', 3, 'btnEditButton', '修改(按钮管理)', 'fa fa-pencil', '', 6, '', 'admin', '2020-09-23 18:56:58', 'admin', '2020-09-23 18:56:58');
INSERT INTO sys_menu(`id`, `parent_id`, `layers`, `system_code`, `type`, `code`, `name`, `icon`, `url`, `sort_num`, `remark`, `create_by`, `create_time`, `modify_by`, `modify_time`) VALUES ('funcMenubtnMenuManage', 'funcMenu', '#moduleSys#|#funcMenu#|#funcMenubtnMenuManage', 'normalApp', 3, 'btnMenuManage', '按钮管理', 'fa fa-cubes', '', 4, '', 'admin', '2020-09-23 18:56:58', 'admin', '2020-09-23 18:56:58');
INSERT INTO sys_menu(`id`, `parent_id`, `layers`, `system_code`, `type`, `code`, `name`, `icon`, `url`, `sort_num`, `remark`, `create_by`, `create_time`, `modify_by`, `modify_time`) VALUES ('funcMenubtnQuery', 'funcMenu', '#moduleSys#|#funcMenu#|#funcMenubtnQuery', 'normalApp', 3, 'btnQuery', '查询', 'fa fa-search', '', 8, '', 'admin', '2020-09-23 18:56:58', 'admin', '2020-09-23 18:56:58');
INSERT INTO sys_menu(`id`, `parent_id`, `layers`, `system_code`, `type`, `code`, `name`, `icon`, `url`, `sort_num`, `remark`, `create_by`, `create_time`, `modify_by`, `modify_time`) VALUES ('funcOrganize', 'moduleSys', '#moduleSys#|#funcOrganize#', 'normalApp', 2, 'funcOrganize', '组织架构', 'fa fa-sitemap', 'organize/index', 5, '', 'admin', '2020-09-23 18:56:58', 'admin', '2020-09-23 18:56:58');
INSERT INTO sys_menu(`id`, `parent_id`, `layers`, `system_code`, `type`, `code`, `name`, `icon`, `url`, `sort_num`, `remark`, `create_by`, `create_time`, `modify_by`, `modify_time`) VALUES ('funcOrganizebtnAdd', 'funcOrganize', '#moduleSys#|#funcOrganize#|#funcOrganizebtnAdd', 'normalApp', 3, 'btnAdd', '添加', 'fa fa-plus', '', 1, '', 'admin', '2020-09-23 18:56:58', 'admin', '2020-09-23 18:56:58');
INSERT INTO sys_menu(`id`, `parent_id`, `layers`, `system_code`, `type`, `code`, `name`, `icon`, `url`, `sort_num`, `remark`, `create_by`, `create_time`, `modify_by`, `modify_time`) VALUES ('funcOrganizebtnDelete', 'funcOrganize', '#moduleSys#|#funcOrganize#|#funcOrganizebtnDelete', 'normalApp', 3, 'btnDelete', '删除', 'fa fa-remove', '', 3, '', 'admin', '2020-09-23 18:56:58', 'admin', '2020-09-23 18:56:58');
INSERT INTO sys_menu(`id`, `parent_id`, `layers`, `system_code`, `type`, `code`, `name`, `icon`, `url`, `sort_num`, `remark`, `create_by`, `create_time`, `modify_by`, `modify_time`) VALUES ('funcOrganizebtnEdit', 'funcOrganize', '#moduleSys#|#funcOrganize#|#funcOrganizebtnEdit', 'normalApp', 3, 'btnEdit', '修改', 'fa fa-pencil', '', 2, '', 'admin', '2020-09-23 18:56:58', 'admin', '2020-09-23 18:56:58');
INSERT INTO sys_menu(`id`, `parent_id`, `layers`, `system_code`, `type`, `code`, `name`, `icon`, `url`, `sort_num`, `remark`, `create_by`, `create_time`, `modify_by`, `modify_time`) VALUES ('funcOrganizebtnQuery', 'funcOrganize', '#moduleSys#|#funcOrganize#|#funcOrganizebtnQuery', 'normalApp', 3, 'btnQuery', '查询', 'fa fa-search', '', 4, '', 'admin', '2020-09-23 18:56:58', 'admin', '2020-09-23 18:56:58');
INSERT INTO sys_menu(`id`, `parent_id`, `layers`, `system_code`, `type`, `code`, `name`, `icon`, `url`, `sort_num`, `remark`, `create_by`, `create_time`, `modify_by`, `modify_time`) VALUES ('funcQuarters', 'moduleSys', '#moduleSys#|#funcQuarters#', 'normalApp', 2, 'funcQuarters', '岗位管理', 'fa fa-street-view', 'role/quarters/index', 4, '', 'admin', '2020-09-23 18:56:58', 'admin', '2020-09-23 18:56:58');
INSERT INTO sys_menu(`id`, `parent_id`, `layers`, `system_code`, `type`, `code`, `name`, `icon`, `url`, `sort_num`, `remark`, `create_by`, `create_time`, `modify_by`, `modify_time`) VALUES ('funcQuartersbtnAdd', 'funcQuarters', '#moduleSys#|#funcQuarters#|#funcQuartersbtnAdd', 'normalApp', 3, 'btnAdd', '添加', 'fa fa-plus', '', 1, '', 'admin', '2020-09-23 18:56:58', 'admin', '2020-09-23 18:56:58');
INSERT INTO sys_menu(`id`, `parent_id`, `layers`, `system_code`, `type`, `code`, `name`, `icon`, `url`, `sort_num`, `remark`, `create_by`, `create_time`, `modify_by`, `modify_time`) VALUES ('funcQuartersbtnDelete', 'funcQuarters', '#moduleSys#|#funcQuarters#|#funcQuartersbtnDelete', 'normalApp', 3, 'btnDelete', '删除', 'fa fa-remove', '', 3, '', 'admin', '2020-09-23 18:56:58', 'admin', '2020-09-23 18:56:58');
INSERT INTO sys_menu(`id`, `parent_id`, `layers`, `system_code`, `type`, `code`, `name`, `icon`, `url`, `sort_num`, `remark`, `create_by`, `create_time`, `modify_by`, `modify_time`) VALUES ('funcQuartersbtnEdit', 'funcQuarters', '#moduleSys#|#funcQuarters#|#funcQuartersbtnEdit', 'normalApp', 3, 'btnEdit', '修改', 'fa fa-pencil', '', 2, '', 'admin', '2020-09-23 18:56:58', 'admin', '2020-09-23 18:56:58');
INSERT INTO sys_menu(`id`, `parent_id`, `layers`, `system_code`, `type`, `code`, `name`, `icon`, `url`, `sort_num`, `remark`, `create_by`, `create_time`, `modify_by`, `modify_time`) VALUES ('funcQuartersbtnQuery', 'funcQuarters', '#moduleSys#|#funcQuarters#|#funcQuartersbtnQuery', 'normalApp', 3, 'btnQuery', '查询', 'fa fa-search', '', 4, '', 'admin', '2020-09-23 18:56:58', 'admin', '2020-09-23 18:56:58');
INSERT INTO sys_menu(`id`, `parent_id`, `layers`, `system_code`, `type`, `code`, `name`, `icon`, `url`, `sort_num`, `remark`, `create_by`, `create_time`, `modify_by`, `modify_time`) VALUES ('funcRole', 'moduleSys', '#moduleSys#|#funcRole#', 'normalApp', 2, 'funcRole', '角色管理', 'fa fa-user-secret', 'role/index', 2, '', 'admin', '2020-09-23 18:56:58', 'admin', '2020-09-23 18:56:58');
INSERT INTO sys_menu(`id`, `parent_id`, `layers`, `system_code`, `type`, `code`, `name`, `icon`, `url`, `sort_num`, `remark`, `create_by`, `create_time`, `modify_by`, `modify_time`) VALUES ('funcRolebtnAdd', 'funcRole', '#moduleSys#|#funcRole#|#funcRolebtnAdd', 'normalApp', 3, 'btnAdd', '添加', 'fa fa-plus', '', 1, '', 'admin', '2020-09-23 18:56:58', 'admin', '2020-09-23 18:56:58');
INSERT INTO sys_menu(`id`, `parent_id`, `layers`, `system_code`, `type`, `code`, `name`, `icon`, `url`, `sort_num`, `remark`, `create_by`, `create_time`, `modify_by`, `modify_time`) VALUES ('funcRolebtnDelete', 'funcRole', '#moduleSys#|#funcRole#|#funcRolebtnDelete', 'normalApp', 3, 'btnDelete', '删除', 'fa fa-remove', '', 3, '', 'admin', '2020-09-23 18:56:58', 'admin', '2020-09-23 18:56:58');
INSERT INTO sys_menu(`id`, `parent_id`, `layers`, `system_code`, `type`, `code`, `name`, `icon`, `url`, `sort_num`, `remark`, `create_by`, `create_time`, `modify_by`, `modify_time`) VALUES ('funcRolebtnEdit', 'funcRole', '#moduleSys#|#funcRole#|#funcRolebtnEdit', 'normalApp', 3, 'btnEdit', '修改', 'fa fa-pencil', '', 2, '', 'admin', '2020-09-23 18:56:58', 'admin', '2020-09-23 18:56:58');
INSERT INTO sys_menu(`id`, `parent_id`, `layers`, `system_code`, `type`, `code`, `name`, `icon`, `url`, `sort_num`, `remark`, `create_by`, `create_time`, `modify_by`, `modify_time`) VALUES ('funcRolebtnQuery', 'funcRole', '#moduleSys#|#funcRole#|#funcRolebtnQuery', 'normalApp', 3, 'btnQuery', '查询', 'fa fa-search', '', 5, '', 'admin', '2020-09-23 18:56:58', 'admin', '2020-09-23 18:56:58');
INSERT INTO sys_menu(`id`, `parent_id`, `layers`, `system_code`, `type`, `code`, `name`, `icon`, `url`, `sort_num`, `remark`, `create_by`, `create_time`, `modify_by`, `modify_time`) VALUES ('funcRolebtnRoleMenu', 'funcRole', '#moduleSys#|#funcRole#|#funcRolebtnRoleMenu', 'normalApp', 3, 'btnRoleMenu', '赋予权限', 'fa fa-users', '', 4, '', 'admin', '2020-09-23 18:56:58', 'admin', '2020-09-23 18:56:58');
INSERT INTO sys_menu(`id`, `parent_id`, `layers`, `system_code`, `type`, `code`, `name`, `icon`, `url`, `sort_num`, `remark`, `create_by`, `create_time`, `modify_by`, `modify_time`) VALUES ('funcSystem', 'moduleSys', '#moduleSys#|#funcSystem#', 'normalApp', 2, 'funcSystem', '系统管理', 'fa fa-assistive-listening-systems', 'system/index', 10, '', 'admin', '2020-09-23 18:56:58', 'admin', '2020-09-23 18:56:58');
INSERT INTO sys_menu(`id`, `parent_id`, `layers`, `system_code`, `type`, `code`, `name`, `icon`, `url`, `sort_num`, `remark`, `create_by`, `create_time`, `modify_by`, `modify_time`) VALUES ('funcSystembtnAdd', 'funcSystem', '#moduleSys#|#funcSystem#|#funcSystembtnAdd#', 'normalApp', 3, 'btnAdd', '添加', 'fa fa-plus', '', 1, '', 'admin', '2020-09-23 18:56:58', 'admin', '2020-09-23 18:56:58');
INSERT INTO sys_menu(`id`, `parent_id`, `layers`, `system_code`, `type`, `code`, `name`, `icon`, `url`, `sort_num`, `remark`, `create_by`, `create_time`, `modify_by`, `modify_time`) VALUES ('funcSystembtnAddVersion', 'funcSystem', '#moduleSys#|#funcSystem#|#funcSystembtnAddVersion#', 'normalApp', 3, 'btnAddVersion', '系统版本添加', 'fa fa-plus', '', 6, '', 'admin', '2020-09-23 18:56:58', 'admin', '2020-09-23 18:56:58');
INSERT INTO sys_menu(`id`, `parent_id`, `layers`, `system_code`, `type`, `code`, `name`, `icon`, `url`, `sort_num`, `remark`, `create_by`, `create_time`, `modify_by`, `modify_time`) VALUES ('funcSystembtnDelete', 'funcSystem', '#moduleSys#|#funcSystem#|#funcSystembtnDelete#', 'normalApp', 3, 'btnDelete', '删除', 'fa fa-remove', '', 3, '', 'admin', '2020-09-23 18:56:58', 'admin', '2020-09-23 18:56:58');
INSERT INTO sys_menu(`id`, `parent_id`, `layers`, `system_code`, `type`, `code`, `name`, `icon`, `url`, `sort_num`, `remark`, `create_by`, `create_time`, `modify_by`, `modify_time`) VALUES ('funcSystembtnDeleteVersion', 'funcSystem', '#moduleSys#|#funcSystem#|#funcSystembtnDeleteVersion#', 'normalApp', 3, 'btnDeleteVersion', '系统版本删除', 'fa fa-remove', '', 8, '', 'admin', '2020-09-23 18:56:58', 'admin', '2020-09-23 18:56:58');
INSERT INTO sys_menu(`id`, `parent_id`, `layers`, `system_code`, `type`, `code`, `name`, `icon`, `url`, `sort_num`, `remark`, `create_by`, `create_time`, `modify_by`, `modify_time`) VALUES ('funcSystembtnDisable', 'funcSystem', '#moduleSys#|#funcSystem#|#funcSystembtnDisable#', 'normalApp', 3, 'btnDisable', '禁用', 'fa fa-check', '', 5, '', 'admin', '2020-09-23 18:56:58', 'admin', '2020-09-23 18:56:58');
INSERT INTO sys_menu(`id`, `parent_id`, `layers`, `system_code`, `type`, `code`, `name`, `icon`, `url`, `sort_num`, `remark`, `create_by`, `create_time`, `modify_by`, `modify_time`) VALUES ('funcSystembtnEdit', 'funcSystem', '#moduleSys#|#funcSystem#|#funcSystembtnEdit#', 'normalApp', 3, 'btnEdit', '修改', 'fa fa-pencil', '', 2, '', 'admin', '2020-09-23 18:56:58', 'admin', '2020-09-23 18:56:58');
INSERT INTO sys_menu(`id`, `parent_id`, `layers`, `system_code`, `type`, `code`, `name`, `icon`, `url`, `sort_num`, `remark`, `create_by`, `create_time`, `modify_by`, `modify_time`) VALUES ('funcSystembtnEditVersion', 'funcSystem', '#moduleSys#|#funcSystem#|#funcSystembtnEditVersion#', 'normalApp', 3, 'btnEditVersion', '系统版本修改', 'fa fa-pencil', '', 7, '', 'admin', '2020-09-23 18:56:58', 'admin', '2020-09-23 18:56:58');
INSERT INTO sys_menu(`id`, `parent_id`, `layers`, `system_code`, `type`, `code`, `name`, `icon`, `url`, `sort_num`, `remark`, `create_by`, `create_time`, `modify_by`, `modify_time`) VALUES ('funcSystembtnQuery', 'funcSystem', '#moduleSys#|#funcSystem#|#funcSystembtnQuery#', 'normalApp', 3, 'btnQuery', '查询', 'fa fa-search', '', 4, '', 'admin', '2020-09-23 18:56:58', 'admin', '2020-09-23 18:56:58');
INSERT INTO sys_menu(`id`, `parent_id`, `layers`, `system_code`, `type`, `code`, `name`, `icon`, `url`, `sort_num`, `remark`, `create_by`, `create_time`, `modify_by`, `modify_time`) VALUES ('funcSystembtnVersionManage', 'funcSystem', '#moduleSys#|#funcSystem#|#funcSystembtnVersionManage#', 'normalApp', 3, 'btnVersionManage', '系统版本管理', 'fa fa-code-fork', '', 5, '', 'admin', '2020-09-23 18:56:58', 'admin', '2020-09-23 18:56:58');
INSERT INTO sys_menu(`id`, `parent_id`, `layers`, `system_code`, `type`, `code`, `name`, `icon`, `url`, `sort_num`, `remark`, `create_by`, `create_time`, `modify_by`, `modify_time`) VALUES ('funcUser', 'moduleSys', '#moduleSys#|#funcUser#', 'normalApp', 2, 'funcUser', '用户管理', 'fa fa-user', 'user/index', 1, '', 'admin', '2020-09-23 18:56:58', 'admin', '2020-09-23 18:56:58');
INSERT INTO sys_menu(`id`, `parent_id`, `layers`, `system_code`, `type`, `code`, `name`, `icon`, `url`, `sort_num`, `remark`, `create_by`, `create_time`, `modify_by`, `modify_time`) VALUES ('funcUserbtnAdd', 'funcUser', '#moduleSys#|#funcUser#|#funcUserbtnAdd#', 'normalApp', 3, 'btnAdd', '添加', 'fa fa-plus', '', 1, '', 'admin', '2020-09-23 18:56:58', 'admin', '2020-09-23 18:56:58');
INSERT INTO sys_menu(`id`, `parent_id`, `layers`, `system_code`, `type`, `code`, `name`, `icon`, `url`, `sort_num`, `remark`, `create_by`, `create_time`, `modify_by`, `modify_time`) VALUES ('funcUserbtnDelete', 'funcUser', '#moduleSys#|#funcUser#|#funcUserbtnDelete', 'normalApp', 3, 'btnDelete', '删除', 'fa fa-remove', '', 3, '', 'admin', '2020-09-23 18:56:58', 'admin', '2020-09-23 18:56:58');
INSERT INTO sys_menu(`id`, `parent_id`, `layers`, `system_code`, `type`, `code`, `name`, `icon`, `url`, `sort_num`, `remark`, `create_by`, `create_time`, `modify_by`, `modify_time`) VALUES ('funcUserbtnEdit', 'funcUser', '#moduleSys#|#funcUser#|#funcUserbtnEdit', 'normalApp', 3, 'btnEdit', '修改', 'fa fa-pencil', '', 2, '', 'admin', '2020-09-23 18:56:58', 'admin', '2020-09-23 18:56:58');
INSERT INTO sys_menu(`id`, `parent_id`, `layers`, `system_code`, `type`, `code`, `name`, `icon`, `url`, `sort_num`, `remark`, `create_by`, `create_time`, `modify_by`, `modify_time`) VALUES ('funcUserbtnQuery', 'funcUser', '#moduleSys#|#funcUser#|#funcUserbtnQuery', 'normalApp', 3, 'btnQuery', '查询', 'fa fa-search', '', 6, '', 'admin', '2020-09-23 18:56:58', 'admin', '2020-09-23 18:56:58');
INSERT INTO sys_menu(`id`, `parent_id`, `layers`, `system_code`, `type`, `code`, `name`, `icon`, `url`, `sort_num`, `remark`, `create_by`, `create_time`, `modify_by`, `modify_time`) VALUES ('funcUserbtnReset', 'funcUser', '#moduleSys#|#funcUser#|#funcUserbtnReset', 'normalApp', 3, 'btnReset', '重置密码', 'fa fa-refresh', '', 4, '', 'admin', '2020-09-23 18:56:58', 'admin', '2020-09-23 18:56:58');
INSERT INTO sys_menu(`id`, `parent_id`, `layers`, `system_code`, `type`, `code`, `name`, `icon`, `url`, `sort_num`, `remark`, `create_by`, `create_time`, `modify_by`, `modify_time`) VALUES ('funcUserbtnUserRole', 'funcUser', '#moduleSys#|#funcUser#|#funcUserbtnUserRole', 'normalApp', 3, 'btnUserRole', '赋予角色', 'fa fa-user-secret', '', 5, '', 'admin', '2020-09-23 18:56:58', 'admin', '2020-09-23 18:56:58');
INSERT INTO sys_menu(`id`, `parent_id`, `layers`, `system_code`, `type`, `code`, `name`, `icon`, `url`, `sort_num`, `remark`, `create_by`, `create_time`, `modify_by`, `modify_time`) VALUES ('funFile', 'moduleSys', '#moduleSys#|#funFile#', 'normalApp', 2, 'funFile', '文件管理', 'fa fa-envelope', 'sysFiles/index', 11, '', 'admin', '2020-09-23 18:56:58', 'admin', '2020-09-23 18:56:58');
INSERT INTO sys_menu(`id`, `parent_id`, `layers`, `system_code`, `type`, `code`, `name`, `icon`, `url`, `sort_num`, `remark`, `create_by`, `create_time`, `modify_by`, `modify_time`) VALUES ('funFilebtnAdd', 'funFile', '#moduleSys#|#funFile#|#funFilebtnAdd#', 'normalApp', 3, 'btnAdd', '添加', 'fa fa-plus', '', 1, '', 'admin', '2020-09-23 18:56:58', 'admin', '2020-09-23 18:56:58');
INSERT INTO sys_menu(`id`, `parent_id`, `layers`, `system_code`, `type`, `code`, `name`, `icon`, `url`, `sort_num`, `remark`, `create_by`, `create_time`, `modify_by`, `modify_time`) VALUES ('funFilebtnDelete', 'funFile', '#moduleSys#|#funFile#|#funFilebtnDelete#', 'normalApp', 3, 'btnDelete', '删除', 'fa fa-remove', '', 3, '', 'admin', '2020-09-23 18:56:58', 'admin', '2020-09-23 18:56:58');
INSERT INTO sys_menu(`id`, `parent_id`, `layers`, `system_code`, `type`, `code`, `name`, `icon`, `url`, `sort_num`, `remark`, `create_by`, `create_time`, `modify_by`, `modify_time`) VALUES ('funFilebtnDownload', 'funFile', '#moduleSys#|#funFile#|#funFilebtnDownload#', 'normalApp', 3, 'btnDownload', '下载', 'fa fa-cloud-download', '', 2, '', 'admin', '2020-09-23 18:56:58', 'admin', '2020-09-23 18:56:58');
INSERT INTO sys_menu(`id`, `parent_id`, `layers`, `system_code`, `type`, `code`, `name`, `icon`, `url`, `sort_num`, `remark`, `create_by`, `create_time`, `modify_by`, `modify_time`) VALUES ('funFilebtnQuery', 'funFile', '#moduleSys#|#funFile#|#funFilebtnQuery#', 'normalApp', 3, 'btnQuery', '查询', 'fa fa-search', '', 4, '', 'admin', '2020-09-23 18:56:58', 'admin', '2020-09-23 18:56:58');
INSERT INTO sys_menu(`id`, `parent_id`, `layers`, `system_code`, `type`, `code`, `name`, `icon`, `url`, `sort_num`, `remark`, `create_by`, `create_time`, `modify_by`, `modify_time`) VALUES ('funSet', 'moduleSys', '#moduleSys#|#funSet', 'normalApp', 2, 'funSet', '系统设置', 'fa fa-wrench', 'config/index', 8, '1', 'admin', '2020-09-23 18:56:58', 'admin', '2020-09-23 18:56:58');
INSERT INTO sys_menu(`id`, `parent_id`, `layers`, `system_code`, `type`, `code`, `name`, `icon`, `url`, `sort_num`, `remark`, `create_by`, `create_time`, `modify_by`, `modify_time`) VALUES ('funSetbtnQuery', 'funSet', '#moduleSys#|#funSet|#funSetbtnQuery#', 'normalApp', 3, 'btnQuery', '查询', 'fa fa-search', '', 2, '', 'admin', '2020-09-23 18:56:58', 'admin', '2020-09-23 18:56:58');
INSERT INTO sys_menu(`id`, `parent_id`, `layers`, `system_code`, `type`, `code`, `name`, `icon`, `url`, `sort_num`, `remark`, `create_by`, `create_time`, `modify_by`, `modify_time`) VALUES ('funSetbtnSubmit', 'funSet', '#moduleSys#|#funSet#funSetbtnSubmit', 'normalApp', 3, 'btnSubmit', '保存', 'fa fa-save', '', 1, '', 'admin', '2020-09-23 18:56:58', 'admin', '2020-09-23 18:56:58');
INSERT INTO sys_menu(`id`, `parent_id`, `layers`, `system_code`, `type`, `code`, `name`, `icon`, `url`, `sort_num`, `remark`, `create_by`, `create_time`, `modify_by`, `modify_time`) VALUES ('moduleSys', '0', '#moduleSys#', 'normalApp', 1, 'moduleSys', '系统管理', 'fa fa-address-card-o', '', 9, '', ' ', '2020-09-23 18:56:58', 'admin', '2020-09-23 18:56:58');

-- 角色信息
INSERT INTO sys_role(`id`, `code`, `name`, `description`, `type`, `sort_num`, `remark`, `create_by`, `create_time`, `modify_by`, `modify_time`) VALUES ('admin', 'admin', '管理员', '', 1, 1, '', 'admin', '2018-01-08 13:44:36', 'admin', '2020-02-28 05:45:21');

-- 角色权限信息
INSERT INTO sys_role_menu(`id`, `role_id`, `menu_id`, `sort_num`) VALUES ('funcAccessToken', 'admin', 'funcAccessToken', NULL);
INSERT INTO sys_role_menu(`id`, `role_id`, `menu_id`, `sort_num`) VALUES ('funcAccessTokenbtnDisable', 'admin', 'funcAccessTokenbtnDisable', NULL);
INSERT INTO sys_role_menu(`id`, `role_id`, `menu_id`, `sort_num`) VALUES ('funcAccessTokenbtnQuery', 'admin', 'funcAccessTokenbtnQuery', NULL);
INSERT INTO sys_role_menu(`id`, `role_id`, `menu_id`, `sort_num`) VALUES ('funcDictItem', 'admin', 'funcDictItem', NULL);
INSERT INTO sys_role_menu(`id`, `role_id`, `menu_id`, `sort_num`) VALUES ('funcDictItembtnAdd', 'admin', 'funcDictItembtnAdd', NULL);
INSERT INTO sys_role_menu(`id`, `role_id`, `menu_id`, `sort_num`) VALUES ('funcDictItembtnAddDict', 'admin', 'funcDictItembtnAddDict', NULL);
INSERT INTO sys_role_menu(`id`, `role_id`, `menu_id`, `sort_num`) VALUES ('funcDictItembtnDelete', 'admin', 'funcDictItembtnDelete', NULL);
INSERT INTO sys_role_menu(`id`, `role_id`, `menu_id`, `sort_num`) VALUES ('funcDictItembtnDeleteDict', 'admin', 'funcDictItembtnDeleteDict', NULL);
INSERT INTO sys_role_menu(`id`, `role_id`, `menu_id`, `sort_num`) VALUES ('funcDictItembtndictSet', 'admin', 'funcDictItembtndictSet', NULL);
INSERT INTO sys_role_menu(`id`, `role_id`, `menu_id`, `sort_num`) VALUES ('funcDictItembtnEdit', 'admin', 'funcDictItembtnEdit', NULL);
INSERT INTO sys_role_menu(`id`, `role_id`, `menu_id`, `sort_num`) VALUES ('funcDictItembtnEditDict', 'admin', 'funcDictItembtnEditDict', NULL);
INSERT INTO sys_role_menu(`id`, `role_id`, `menu_id`, `sort_num`) VALUES ('funcDictItembtnQuery', 'admin', 'funcDictItembtnQuery', NULL);
INSERT INTO sys_role_menu(`id`, `role_id`, `menu_id`, `sort_num`) VALUES ('funcDictItembtnQueryDict', 'admin', 'funcDictItembtnQueryDict', NULL);
INSERT INTO sys_role_menu(`id`, `role_id`, `menu_id`, `sort_num`) VALUES ('funcLog', 'admin', 'funcLog', NULL);
INSERT INTO sys_role_menu(`id`, `role_id`, `menu_id`, `sort_num`) VALUES ('funcLogbtnDelete', 'admin', 'funcLogbtnDelete', NULL);
INSERT INTO sys_role_menu(`id`, `role_id`, `menu_id`, `sort_num`) VALUES ('funcLogbtnLogsClear', 'admin', 'funcLogbtnLogsClear', NULL);
INSERT INTO sys_role_menu(`id`, `role_id`, `menu_id`, `sort_num`) VALUES ('funcLogbtnQuery', 'admin', 'funcLogbtnQuery', NULL);
INSERT INTO sys_role_menu(`id`, `role_id`, `menu_id`, `sort_num`) VALUES ('funcMenu', 'admin', 'funcMenu', NULL);
INSERT INTO sys_role_menu(`id`, `role_id`, `menu_id`, `sort_num`) VALUES ('funcMenubtnAdd', 'admin', 'funcMenubtnAdd', NULL);
INSERT INTO sys_role_menu(`id`, `role_id`, `menu_id`, `sort_num`) VALUES ('funcMenubtnAddButton', 'admin', 'funcMenubtnAddButton', NULL);
INSERT INTO sys_role_menu(`id`, `role_id`, `menu_id`, `sort_num`) VALUES ('funcMenubtnDelete', 'admin', 'funcMenubtnDelete', NULL);
INSERT INTO sys_role_menu(`id`, `role_id`, `menu_id`, `sort_num`) VALUES ('funcMenubtnDeleteButton', 'admin', 'funcMenubtnDeleteButton', NULL);
INSERT INTO sys_role_menu(`id`, `role_id`, `menu_id`, `sort_num`) VALUES ('funcMenubtnEdit', 'admin', 'funcMenubtnEdit', NULL);
INSERT INTO sys_role_menu(`id`, `role_id`, `menu_id`, `sort_num`) VALUES ('funcMenubtnEditButton', 'admin', 'funcMenubtnEditButton', NULL);
INSERT INTO sys_role_menu(`id`, `role_id`, `menu_id`, `sort_num`) VALUES ('funcMenubtnMenuManage', 'admin', 'funcMenubtnMenuManage', NULL);
INSERT INTO sys_role_menu(`id`, `role_id`, `menu_id`, `sort_num`) VALUES ('funcMenubtnQuery', 'admin', 'funcMenubtnQuery', NULL);
INSERT INTO sys_role_menu(`id`, `role_id`, `menu_id`, `sort_num`) VALUES ('funcOrganize', 'admin', 'funcOrganize', NULL);
INSERT INTO sys_role_menu(`id`, `role_id`, `menu_id`, `sort_num`) VALUES ('funcOrganizebtnAdd', 'admin', 'funcOrganizebtnAdd', NULL);
INSERT INTO sys_role_menu(`id`, `role_id`, `menu_id`, `sort_num`) VALUES ('funcOrganizebtnDelete', 'admin', 'funcOrganizebtnDelete', NULL);
INSERT INTO sys_role_menu(`id`, `role_id`, `menu_id`, `sort_num`) VALUES ('funcOrganizebtnEdit', 'admin', 'funcOrganizebtnEdit', NULL);
INSERT INTO sys_role_menu(`id`, `role_id`, `menu_id`, `sort_num`) VALUES ('funcOrganizebtnQuery', 'admin', 'funcOrganizebtnQuery', NULL);
INSERT INTO sys_role_menu(`id`, `role_id`, `menu_id`, `sort_num`) VALUES ('funcQuarters', 'admin', 'funcQuarters', NULL);
INSERT INTO sys_role_menu(`id`, `role_id`, `menu_id`, `sort_num`) VALUES ('funcQuartersbtnAdd', 'admin', 'funcQuartersbtnAdd', NULL);
INSERT INTO sys_role_menu(`id`, `role_id`, `menu_id`, `sort_num`) VALUES ('funcQuartersbtnDelete', 'admin', 'funcQuartersbtnDelete', NULL);
INSERT INTO sys_role_menu(`id`, `role_id`, `menu_id`, `sort_num`) VALUES ('funcQuartersbtnEdit', 'admin', 'funcQuartersbtnEdit', NULL);
INSERT INTO sys_role_menu(`id`, `role_id`, `menu_id`, `sort_num`) VALUES ('funcQuartersbtnQuery', 'admin', 'funcQuartersbtnQuery', NULL);
INSERT INTO sys_role_menu(`id`, `role_id`, `menu_id`, `sort_num`) VALUES ('funcRole', 'admin', 'funcRole', NULL);
INSERT INTO sys_role_menu(`id`, `role_id`, `menu_id`, `sort_num`) VALUES ('funcRolebtnAdd', 'admin', 'funcRolebtnAdd', NULL);
INSERT INTO sys_role_menu(`id`, `role_id`, `menu_id`, `sort_num`) VALUES ('funcRolebtnDelete', 'admin', 'funcRolebtnDelete', NULL);
INSERT INTO sys_role_menu(`id`, `role_id`, `menu_id`, `sort_num`) VALUES ('funcRolebtnEdit', 'admin', 'funcRolebtnEdit', NULL);
INSERT INTO sys_role_menu(`id`, `role_id`, `menu_id`, `sort_num`) VALUES ('funcRolebtnQuery', 'admin', 'funcRolebtnQuery', NULL);
INSERT INTO sys_role_menu(`id`, `role_id`, `menu_id`, `sort_num`) VALUES ('funcRolebtnRoleMenu', 'admin', 'funcRolebtnRoleMenu', NULL);
INSERT INTO sys_role_menu(`id`, `role_id`, `menu_id`, `sort_num`) VALUES ('funcSystem', 'admin', 'funcSystem', NULL);
INSERT INTO sys_role_menu(`id`, `role_id`, `menu_id`, `sort_num`) VALUES ('funcSystembtnAdd', 'admin', 'funcSystembtnAdd', NULL);
INSERT INTO sys_role_menu(`id`, `role_id`, `menu_id`, `sort_num`) VALUES ('funcSystembtnAddVersion', 'admin', 'funcSystembtnAddVersion', NULL);
INSERT INTO sys_role_menu(`id`, `role_id`, `menu_id`, `sort_num`) VALUES ('funcSystembtnDelete', 'admin', 'funcSystembtnDelete', NULL);
INSERT INTO sys_role_menu(`id`, `role_id`, `menu_id`, `sort_num`) VALUES ('funcSystembtnDeleteVersion', 'admin', 'funcSystembtnDeleteVersion', NULL);
INSERT INTO sys_role_menu(`id`, `role_id`, `menu_id`, `sort_num`) VALUES ('funcSystembtnDisable', 'admin', 'funcSystembtnDisable', NULL);
INSERT INTO sys_role_menu(`id`, `role_id`, `menu_id`, `sort_num`) VALUES ('funcSystembtnEdit', 'admin', 'funcSystembtnEdit', NULL);
INSERT INTO sys_role_menu(`id`, `role_id`, `menu_id`, `sort_num`) VALUES ('funcSystembtnEditVersion', 'admin', 'funcSystembtnEditVersion', NULL);
INSERT INTO sys_role_menu(`id`, `role_id`, `menu_id`, `sort_num`) VALUES ('funcSystembtnQuery', 'admin', 'funcSystembtnQuery', NULL);
INSERT INTO sys_role_menu(`id`, `role_id`, `menu_id`, `sort_num`) VALUES ('funcSystembtnVersionManage', 'admin', 'funcSystembtnVersionManage', NULL);
INSERT INTO sys_role_menu(`id`, `role_id`, `menu_id`, `sort_num`) VALUES ('funcUser', 'admin', 'funcUser', NULL);
INSERT INTO sys_role_menu(`id`, `role_id`, `menu_id`, `sort_num`) VALUES ('funcUserbtnAdd', 'admin', 'funcUserbtnAdd', NULL);
INSERT INTO sys_role_menu(`id`, `role_id`, `menu_id`, `sort_num`) VALUES ('funcUserbtnDelete', 'admin', 'funcUserbtnDelete', NULL);
INSERT INTO sys_role_menu(`id`, `role_id`, `menu_id`, `sort_num`) VALUES ('funcUserbtnEdit', 'admin', 'funcUserbtnEdit', NULL);
INSERT INTO sys_role_menu(`id`, `role_id`, `menu_id`, `sort_num`) VALUES ('funcUserbtnQuery', 'admin', 'funcUserbtnQuery', NULL);
INSERT INTO sys_role_menu(`id`, `role_id`, `menu_id`, `sort_num`) VALUES ('funcUserbtnReset', 'admin', 'funcUserbtnReset', NULL);
INSERT INTO sys_role_menu(`id`, `role_id`, `menu_id`, `sort_num`) VALUES ('funcUserbtnUserRole', 'admin', 'funcUserbtnUserRole', NULL);
INSERT INTO sys_role_menu(`id`, `role_id`, `menu_id`, `sort_num`) VALUES ('funFile', 'admin', 'funFile', NULL);
INSERT INTO sys_role_menu(`id`, `role_id`, `menu_id`, `sort_num`) VALUES ('funFilebtnAdd', 'admin', 'funFilebtnAdd', NULL);
INSERT INTO sys_role_menu(`id`, `role_id`, `menu_id`, `sort_num`) VALUES ('funFilebtnDelete', 'admin', 'funFilebtnDelete', NULL);
INSERT INTO sys_role_menu(`id`, `role_id`, `menu_id`, `sort_num`) VALUES ('funFilebtnDownload', 'admin', 'funFilebtnDownload', NULL);
INSERT INTO sys_role_menu(`id`, `role_id`, `menu_id`, `sort_num`) VALUES ('funFilebtnQuery', 'admin', 'funFilebtnQuery', NULL);
INSERT INTO sys_role_menu(`id`, `role_id`, `menu_id`, `sort_num`) VALUES ('funSet', 'admin', 'funSet', NULL);
INSERT INTO sys_role_menu(`id`, `role_id`, `menu_id`, `sort_num`) VALUES ('funSetbtnQuery', 'admin', 'funSetbtnQuery', NULL);
INSERT INTO sys_role_menu(`id`, `role_id`, `menu_id`, `sort_num`) VALUES ('funSetbtnSubmit', 'admin', 'funSetbtnSubmit', NULL);
INSERT INTO sys_role_menu(`id`, `role_id`, `menu_id`, `sort_num`) VALUES ('moduleSys', 'admin', 'moduleSys', NULL);


-- 组织架构信息
INSERT INTO sys_organize(`id`, `parent_id`, `layers`, `code`, `name`, `description`, `manager`, `phone`, `sort_num`, `create_by`, `create_time`, `modify_by`, `modify_time`) VALUES ('orgroot', '0', '#orgroot#', 'root', '公司根节点', '公司根节点', 'admin', '', 1, 'admin', '2020-03-16 07:02:40', 'admin', '2020-03-16 07:02:40');

-- 用户登录信息
INSERT INTO sys_user(`id`, `account`, `real_name`, `nick_name`, `photo`, `sex`, `wechat`, `phone`, `email`, `birthday`, `dept_id`, `role_id`, `sort_num`, `enable_delete`, `remark`, `create_by`, `create_time`, `modify_by`, `modify_time`, `delete_flag`, `delete_by`, `delete_time`) VALUES ('admin', 'admin', '管理员', '管理员', NULL, '1', NULL, NULL, NULL, NULL, 'orgroot', 'admin', 1, 0, NULL, 'admin', '2020-10-22 18:31:40', 'admin', '2020-10-22 18:31:44', 0, NULL, NULL);
INSERT INTO sys_user_login(`id`, `user_id`, `password`, `secret_key`, `last_visit_time`, `change_pass_time`, `multiuser_login`, `logon_count`, `login_status`, `question`, `answer`, `enable_login`) VALUES ('admin', 'admin', 'b0d4b1c33b21400391aa4966ebf3ffbd', '5b8620ef324afec9', '2020-10-22 15:58:49', '2020-02-27 07:39:35', 0, 4082, 1, '', '', 1);
-- 用户角色信息
INSERT INTO sys_user_role(`id`, `user_id`, `role_id`) VALUES ('admin', 'admin', 'admin');

-- 字典信息
INSERT INTO sys_dict(`id`, `parent_id`, `layers`, `code`, `name`, `description`, `sort_num`, `create_by`, `create_time`, `modify_by`, `modify_time`) VALUES ('systemType', '0', '#systemType#', 'systemType', '系统类型', '', 1, 'admin', '2018-11-02 13:51:56', 'admin', '2020-01-21 17:23:54');
INSERT INTO sys_dict(`id`, `parent_id`, `layers`, `code`, `name`, `description`, `sort_num`, `create_by`, `create_time`, `modify_by`, `modify_time`) VALUES ('menuType', '0', '#menuType#', 'menuType', '菜单类型', '', 2, 'admin', '2018-11-06 14:59:00', 'admin', '2020-01-21 17:25:32');

-- 字典值
INSERT INTO sys_dict_item(`id`, `dict_id`, `code`, `name`, `description`, `sort_num`, `create_by`, `create_time`, `modify_by`, `modify_time`) VALUES ('thisSystem', 'systemType', 'thisSystem', '本系统', '', 2, 'admin', '2018-11-02 13:57:19', 'admin', '2020-02-21 15:48:08');
INSERT INTO sys_dict_item(`id`, `dict_id`, `code`, `name`, `description`, `sort_num`, `create_by`, `create_time`, `modify_by`, `modify_time`) VALUES ('otherSystem', 'systemType', 'otherSystem', '其他系统', '', 2, 'admin', '2018-11-02 13:57:56', 'admin', '2019-12-31 08:59:13');
INSERT INTO sys_dict_item(`id`, `dict_id`, `code`, `name`, `description`, `sort_num`, `create_by`, `create_time`, `modify_by`, `modify_time`) VALUES ('module', 'menuType', '1', '模块', '', 1, 'admin', '2018-11-06 14:59:32', '', NULL);
INSERT INTO sys_dict_item(`id`, `dict_id`, `code`, `name`, `description`, `sort_num`, `create_by`, `create_time`, `modify_by`, `modify_time`) VALUES ('function', 'menuType', '2', '功能', '', 2, 'admin', '2018-11-06 14:59:41', '', NULL);
INSERT INTO sys_dict_item(`id`, `dict_id`, `code`, `name`, `description`, `sort_num`, `create_by`, `create_time`, `modify_by`, `modify_time`) VALUES ('button', 'menuType', '3', '按钮', '', 3, 'admin', '2018-11-06 14:59:50', '', NULL);
